[0,0,67108864,0,0,0,32768,0,1048576,0,0,0,0,0,0,0]-[98304,536870944,0,0,0]
[0,0,67108864,0,0,1073741888,0,0,0,0,0,0,0,0,0,0]-[0,536879104,0,4096,256]
[537395200,0,0,0,0,0,0,0,0,0,0,0,0,128,0,0]-[0,545259520,0,536936448,0]
[0,33554432,0,0,0,0,0,0,0,0,0,0,0,0,33554432,0]-[0,0,134742020,64,0]
[0,0,0,0,0,0,0,0,0,0,0,0,1048576,671088640,0,0]-[4096,41943040,0,0,32]
[131072,0,67108864,0,0,256,0,0,0,0,0,0,0,128,0,0]-[0,2048,524288,65600,0]
[0,0,67108864,0,0,0,0,0,0,1073741824,0,0,8388608,0,0,0]-[0,33554448,0,65538,0]
[128,0,0,0,0,0,0,256,0,0,0,0,0,0,0,0]-[512,0,0,65537,256]
[0,0,0,32,0,0,0,0,0,0,0,0,1048576,128,0,0]-[268468224,268435456,0,65536,0]
[0,0,0,0,0,8192,0,524288,0,0,0,0,0,0,0,0]-[0,0,524292,0,288]
[0,128,0,0,0,0,0,16,0,0,0,0,0,0,0,0]-[557056,0,2,33554432,2048]
[0,0,0,1073741824,0,0,0,16,0,0,0,0,0,128,33554432,0]-[1048576,536870912,524292,0,0]
[0,0,67108864,0,0,0,64,0,0,0,4096,0,0,0,0,0]-[65536,32784,268435456,69632,0]
[0,0,0,0,0,0,0,0,1048576,0,4096,0,1048576,0,0,0]-[0,33554432,1,33558528,0]
[0,0,268435456,0,0,0,0,0,1048576,0,0,0,0,0,0,0]-[32768,8388864,0,0,256]
[0,0,67108864,65536,0,8192,0,0,0,0,0,0,0,0,0,0]-[134283264,4096,4,0,0]
[0,0,67108864,0,0,0,0,4194320,1048576,0,1,0,0,0,0,0]-[65536,536870912,524288,2,0]
[0,0,0,4194304,0,0,0,0,0,0,0,0,1048576,0,0,0]-[0,8208,6,0,0]
[0,0,0,0,0,8192,0,0,0,0,0,0,1048576,0,0,0]-[134283520,0,4,1,256]
[0,2097152,0,0,0,64,0,0,0,0,0,0,0,0,0,0]-[268500992,2048,8192,0,0]
[0,0,67108864,0,0,0,0,16,1024,0,0,0,0,0,0,0]-[0,2048,0,33558592,0]
[0,0,0,0,0,0,0,0,16777472,0,0,0,0,0,0,0]-[69632,33554432,0,0,262144]
[0,0,0,0,0,0,0,0,0,0,4096,8388608,0,0,0,0]-[1073741825,33554432,0,65536,0]
[0,0,67108864,0,0,0,8192,0,0,0,0,0,64,0,0,0]-[524288,33556480,524288,0,0]
[0,0,67633152,0,0,0,0,0,1048576,0,0,0,0,0,0,0]-[98304,268435456,0,64,0]
[0,0,67108864,0,0,0,0,0,0,512,0,0,0,0,0,0]-[69632,33554688,0,65600,2048]
[0,0,1073741824,0,0,0,0,0,0,0,0,0,0,128,0,0]-[0,8388608,524288,65536,32]
[0,0,67108864,0,0,0,0,0,0,0,0,0,1048577,0,0,0]-[32768,33556480,0,0,128]
[0,0,0,0,0,0,0,1,1048576,0,0,0,0,0,0,0]-[98304,0,524289,0,0]
[0,0,4194304,0,0,0,0,0,0,0,0,0,1048576,0,0,0]-[1073807360,0,260,0,0]
[0,32,0,0,0,0,0,0,1048576,0,0,0,1048576,0,0,0]-[32769,41943040,0,0,0]
[0,0,0,0,0,64,0,0,0,0,0,0,0,0,65536,0]-[98816,0,8192,0,0]
[0,0,0,0,0,64,0,16,0,0,0,0,0,0,0,0]-[268534272,16,524288,1,32]
[0,0,83886080,0,0,0,0,0,0,0,0,0,1048576,0,0,0]-[0,33589248,0,65536,0]
[256,0,0,0,0,0,0,0,0,0,4096,0,0,0,0,0]-[1073745920,33562624,0,0,0]
[536870912,0,0,0,0,256,0,0,0,0,0,0,0,0,0,0]-[0,256,134217732,0,256]
[0,0,0,0,0,256,0,0,1048576,0,0,0,0,0,0,0]-[196608,310378496,1,4096,256]
[0,0,67108864,0,0,0,0,0,1048576,0,0,0,0,128,0,0]-[32768,805306624,524288,4160,524288]
[0,0,536870912,0,0,0,0,0,0,0,4096,0,0,0,0,0]-[134217728,8388608,2,536870912,262144]
[0,0,0,0,0,8192,0,16,0,0,0,0,0,0,0,0]-[0,2048,134217728,1,32]
[2097280,0,0,0,0,0,0,0,0,0,0,0,0,0,0,0]-[1207960064,256,0,0,0]
[0,0,0,0,0,0,536870912,0,0,0,0,0,8,128,0,0]-[268435456,8388608,524290,0,0]
[0,0,67108864,0,0,8193,0,0,0,0,0,0,0,0,0,0]-[134217728,8192,524288,1,0]
[128,0,0,0,0,0,0,0,1048576,0,0,0,0,0,0,0]-[65536,33554432,524416,0,0]
[0,0,67108864,0,0,0,0,0,135266304,0,0,134217728,0,0,0,0]-[0,536871168,0,4096,256]
[0,0,67108864,0,0,0,4096,0,0,0,0,0,0,0,0,0]-[36864,536870928,0,0,0]
[0,0,0,0,0,256,0,0,0,0,0,0,0,128,0,0]-[269484032,8388608,4,4096,0]
[0,0,67108864,0,0,0,0,32768,0,0,0,0,0,0,0,0]-[524288,33554432,0,33554433,256]
[0,0,67108864,0,0,0,0,0,134217728,0,0,0,0,0,0,0]-[134316032,536873216,8196,1118272,526720]
[0,0,67108864,0,0,0,0,0,0,0,16,0,0,0,0,0]-[134250496,2048,256,0,0]
[0,268435456,0,0,0,0,0,16,1048576,0,0,0,0,0,0,0]-[0,8388624,0,4097,0]
[128,0,0,0,0,0,0,16,0,0,0,0,0,1048576,0,0]-[0,2048,0,33554433,32]
[0,0,0,0,67108864,0,0,0,0,0,0,0,1048576,0,0,0]-[134217728,16,4,536870912,0]
[0,0,67108864,0,0,0,0,0,0,0,0,32,0,0,0,0]-[134250497,50348032,256,33554432,32768]
[128,0,0,0,0,0,0,0,0,0,0,0,0,128,0,0]-[512,2048,0,65536,32]
[0,0,0,0,0,0,0,0,1048576,0,4096,0,0,0,0,0]-[1074331904,570425344,134217921,33624064,0]
[0,0,67108864,0,0,0,8192,0,0,0,0,0,0,128,33554432,0]-[0,536871168,4,64,0]
[0,0,67108864,0,0,0,0,0,2,0,0,0,0,0,0,0]-[36864,0,0,1,256]
[128,0,67108864,0,0,0,0,0,0,0,0,67108864,0,0,0,0]-[134217728,0,0,33619968,524288]
[128,0,0,0,16384,0,0,0,0,0,0,0,0,0,0,0]-[1114112,0,524290,0,0]
[64,0,67108864,0,0,0,0,0,0,0,0,0,0,0,0,0]-[4096,33554432,524288,0,256]
[0,0,67109376,0,0,0,0,0,0,0,0,0,1074790400,0,0,0]-[134283264,0,0,66,0]
[0,128,67108864,0,0,0,524288,0,0,0,0,0,0,0,0,0]-[0,33554432,4,4096,16]
[0,0,67108864,0,4,0,0,0,0,0,0,0,0,0,0,0]-[134221824,0,524288,1,0]
[0,16777216,0,0,0,0,16777216,0,1048576,0,0,0,0,128,0,0]-[269484032,0,6,0,0]
[0,0,0,0,0,0,0,0,1179648,0,0,0,0,0,0,0]-[0,8388608,524288,33558528,0]
[0,0,67108864,0,0,0,0,0,0,0,536870912,0,0,0,0,0]-[0,570443776,0,0,0]
[524288,0,0,0,0,64,0,0,0,0,0,0,1048576,0,0,0]-[66048,16,0,1,0]
[0,0,67108864,0,0,8192,0,0,0,0,0,0,1048576,0,0,0]-[0,8192,4,1,256]
[0,0,0,0,0,0,0,0,0,0,4096,0,0,128,0,0]-[269025792,813697280,134217734,570494978,262176]
[0,0,0,0,0,32,0,0,0,0,0,0,1048576,0,0,0]-[131072,33556480,0,65536,0]
[0,0,83886080,0,0,0,0,0,0,0,0,0,0,0,0,0]-[65536,570460160,268435456,65600,0]
[0,0,0,0,0,0,0,0,0,536870912,4096,0,0,0,0,0]-[1342177280,256,0,65536,0]
[0,0,67108864,0,0,64,0,0,0,8192,0,0,0,33554432,0,0]-[65536,2064,8192,0,0]
[0,0,0,0,0,0,8192,0,0,0,0,0,1048576,0,0,0]-[1048576,0,134217728,69632,0]
[0,0,0,0,0,0,0,8,0,0,4096,0,0,0,0,0]-[1073746432,33554688,0,0,0]
[0,0,0,0,0,384,0,0,0,0,4096,0,0,0,0,0]-[65536,33562624,1,0,0]
[0,0,0,0,0,0,0,0,0,0,1073741824,0,1048576,0,0,0]-[65536,0,6,0,16]
[0,0,0,0,0,256,0,0,0,0,4096,0,1048576,0,0,0]-[0,33554432,134217729,4096,0]
[0,0,67108864,0,0,64,0,16,0,0,0,0,0,0,0,0]-[32768,2064,0,64,0]
[0,0,0,0,0,0,0,0,0,0,0,512,1048576,0,0,0]-[0,2048,134225920,65536,0]
[0,0,0,0,0,0,0,0,0,0,0,0,1048584,0,0,0]-[269516800,41943040,8192,33558528,0]
[0,0,67108864,0,0,256,0,0,1048576,0,0,0,0,0,0,0]-[65536,301989888,0,4096,256]
[0,0,67108864,0,0,64,524288,0,0,0,0,0,0,0,0,0]-[65536,2304,0,64,0]
[0,0,67108864,0,0,0,0,0,0,0,4096,32768,1048584,0,0,0]-[4096,0,0,33624064,0]
[8388608,0,0,0,0,8192,0,0,134217728,0,0,0,0,0,0,0]-[0,545259520,2,0,2048]
[0,128,67108864,0,0,0,0,0,0,0,0,0,0,0,0,0]-[4096,33554432,8196,4198464,0]
[0,0,16777216,0,0,0,0,0,0,0,0,0,1048576,0,0,0]-[268435456,301991936,134217728,0,32]
[0,0,0,0,0,0,0,0,134217728,0,0,0,0,128,0,131072]-[268435968,536872960,0,0,0]
[0,0,0,0,0,524544,0,0,134217728,0,0,0,0,128,0,0]-[268435456,256,4,4096,0]
[0,0,0,0,0,8192,64,0,0,0,0,0,0,0,0,0]-[65536,8192,0,0,288]
[0,0,0,0,0,0,0,4194304,1048576,0,0,0,0,0,0,0]-[65536,536870912,1,0,256]
[0,0,67108864,0,0,0,0,0,0,0,0,0,0,0,33554432,0]-[134217728,536873216,0,4194368,2048]
[0,0,0,0,0,0,0,0,1048576,0,4096,0,0,0,1024,0]-[65792,33554448,0,0,0]
[0,0,67108864,0,0,0,0,0,0,0,0,0,0,0,0,1]-[0,570425376,4,0,0]
[0,0,67108864,0,0,0,0,16,0,0,0,0,8,0,0,0]-[557056,0,0,33558528,0]
[0,0,0,0,0,0,0,0,0,0,0,0,524288,0,2097152,0]-[269025280,0,2,0,0]
[0,0,67108864,0,0,0,64,0,1,0,0,0,0,0,0,0]-[0,8192,0,69632,256]
[0,0,67108864,0,0,0,0,0,1048576,0,0,0,0,65536,0,0]-[0,33554688,524288,1,0]
[0,0,67108864,0,0,0,0,0,0,64,0,0,0,0,0,0]-[67174400,33554432,0,1,0]
[0,0,0,0,0,8192,8192,0,0,0,4096,0,0,0,0,0]-[65536,8192,134217728,0,32]
[0,0,67108864,0,0,536870912,0,0,1048576,0,0,0,0,0,0,0]-[0,33554432,524288,65,0]
[0,0,0,0,67108864,0,0,0,16777216,0,0,0,0,0,0,0]-[65536,33556480,0,0,512]
[0,0,67108864,0,67108864,0,0,0,0,0,0,0,1048576,0,0,0]-[134217728,16,268435460,0,0]
[0,0,67108864,0,0,0,0,0,0,0,0,524288,1048576,0,0,0]-[134283264,8192,0,2,0]
[0,0,0,0,0,0,0,0,0,0,0,0,1310720,0,0,0]-[1048576,2048,0,33619968,0]
[128,0,0,0,0,256,0,0,0,0,0,0,0,0,0,0]-[1073741824,2048,8192,81987,0]
[0,0,67108864,0,0,0,0,0,1048576,0,4096,0,0,0,0,0]-[65536,570425648,0,33558656,128]
[0,0,67108864,0,0,64,0,0,0,0,0,0,0,0,0,0]-[98304,2717919504,0,0,2180]
[0,0,0,0,0,0,0,0,1048576,0,0,0,0,0,4,0]-[1073741824,0,134217732,16384,0]
[0,0,0,0,0,0,65536,16,134217728,0,0,0,0,0,0,0]-[0,8390656,0,4096,2048]
[0,32768,67108864,0,0,0,0,0,1048576,0,0,0,0,0,0,0]-[98304,16384,0,4096,0]
[0,0,67108864,0,0,8192,0,0,0,0,0,0,0,0,0,0]-[151584768,268478464,2626564,65665,384]
[0,0,67108864,0,0,0,0,0,0,0,0,0,0,1,0,0]-[0,570425344,256,65536,0]
[8,0,0,0,0,0,0,0,0,0,0,0,262144,0,0,0]-[134218240,33554432,0,0,262144]
[0,0,67108864,0,0,8192,0,0,16777216,0,0,0,0,0,0,0]-[134742016,0,0,1,256]
[0,256,0,0,0,0,8192,0,0,0,0,0,0,0,0,0]-[0,0,134217732,33624064,2048]
[0,0,0,0,0,256,0,0,0,0,4096,0,0,0,0,0]-[1114624,41951488,402653189,4096,256]
[0,0,67108864,16,0,0,0,0,0,0,0,0,0,0,0,0]-[32768,536879104,524288,4263936,0]
[0,0,67108864,0,0,0,0,0,0,0,0,0,8388608,0,0,0]-[134250496,0,524288,0,524288]
[0,0,67108864,0,67108864,0,0,0,0,0,0,0,0,64,0,0]-[32768,8192,0,33554432,256]
[0,0,67108864,0,0,0,0,0,0,0,0,0,8,0,0,0]-[561152,8192,260,33624064,0]
[0,0,67108864,0,0,0,0,0,0,0,0,0,1,0,0,0]-[32768,2181040128,0,0,0]
[128,0,0,0,0,0,0,0,0,0,4096,0,0,0,0,0]-[1073742336,256,0,65536,32]
[0,0,67108864,0,0,0,2,0,0,0,0,0,0,0,0,0]-[0,33556480,4,1048576,4]
[0,0,67108864,0,0,131072,0,0,0,0,0,0,0,0,0,0]-[4096,2048,0,4097,0]
[0,0,0,0,8388608,0,0,0,0,0,0,0,128,0,0,0]-[135266304,0,524288,4096,0]
[0,0,0,0,0,0,0,0,0,0,0,0,1048576,0,524288,0]-[268439552,2048,0,65536,0]
[0,0,67108864,0,0,0,0,0,0,0,131072,0,0,0,0,0]-[36864,0,4,1,524544]
[128,0,524288,0,0,8192,0,0,0,0,0,0,0,0,0,0]-[134217728,268437504,0,0,32]
[0,0,0,0,0,0,65536,0,134217728,0,0,0,0,0,0,0]-[0,545259520,0,4096,2048]
[0,0,0,0,0,0,0,0,0,0,135168,0,0,0,0,0]-[590336,536870912,0,0,0]
[0,0,0,65536,0,0,0,0,0,0,0,0,262144,0,0,0]-[524288,2048,2,65536,0]
[0,0,0,0,0,0,0,16,1073741824,0,4096,0,0,0,0,0]-[1342181376,536870912,0,0,0]
[0,0,0,0,0,0,0,0,134217728,0,0,0,0,128,0,0]-[268435968,545261824,6,4096,524288]
[0,131072,0,0,0,0,0,0,0,1,0,0,0,128,0,0]-[512,0,4,65600,0]
[0,0,67108864,0,67108864,0,0,0,0,0,0,0,0,0,0,0]-[134283264,50382848,4,16781313,524292]
[0,0,0,0,0,0,0,16777216,0,0,4096,0,0,0,0,0]-[589824,536870912,0,0,32]
[0,0,0,0,0,0,0,0,1073741824,0,0,2048,0,0,0,0]-[1342177280,536870912,0,64,0]
[0,0,67108864,0,0,0,0,0,1048576,512,0,0,0,0,0,0]-[0,33554448,524288,33554496,0]
[0,0,67108864,0,0,67108864,0,0,0,0,0,0,0,0,0,0]-[134217728,805306368,524288,0,0]
[0,0,0,0,0,128,0,0,1048576,0,0,0,0,0,0,0]-[65536,33554432,1,64,0]
[64,0,0,0,0,0,0,0,0,0,0,0,0,128,0,0]-[0,545261568,8192,0,0]
[0,0,67112960,0,0,64,0,0,1048576,0,0,0,0,0,0,0]-[98304,256,8192,0,0]
[1048576,0,0,0,0,0,8192,0,0,0,4096,0,0,0,0,0]-[0,536879104,134217728,33554432,0]
[0,0,0,0,0,0,2147483648,0,0,0,4096,0,0,0,0,0]-[1073741825,570425344,0,0,0]
[0,0,0,0,0,0,0,8,2147483648,0,4096,0,0,0,0,0]-[1073745920,33554688,0,0,0]
[524352,0,0,0,0,0,0,0,0,0,0,0,0,0,0,0]-[0,33554432,524290,0,2048]
[0,33554432,0,0,0,0,0,0,1048578,0,0,0,0,0,0,0]-[98305,8388608,0,0,0]
[0,0,0,0,0,0,0,0,0,0,0,0,0,160,0,0]-[32768,2048,3,0,0]
[0,0,67108864,0,0,0,0,131072,0,0,0,0,0,0,134217728,0]-[32768,8208,524288,4096,0]
[0,0,67108864,0,0,0,536870912,0,0,0,0,0,0,0,0,0]-[134217728,33554432,2097152,65536,0]
[0,0,67108864,0,0,32,0,0,0,0,0,0,0,0,0,0]-[134217728,33554432,0,65664,0]
[0,0,0,0,0,0,0,0,0,0,0,0,1048576,536870912,0,0]-[1208025088,41952256,0,536891392,512]
[1048576,0,67108864,0,0,0,0,0,0,0,0,0,0,0,0,0]-[32768,536879104,0,64,0]
[0,0,67108864,0,0,0,8192,0,0,0,0,0,0,0,0,0]-[67174401,553656576,268435460,33624128,2064]
[0,0,0,0,0,0,0,0,1073741824,0,4096,0,0,0,0,0]-[1342177280,536871168,0,0,0]
[0,131072,0,0,0,0,0,0,0,0,0,0,0,128,0,0]-[268435968,0,2,65536,0]
[0,0,67108864,0,0,0,0,0,0,16384,0,0,0,0,0,0]-[0,33562624,8192,65536,0]
[0,0,0,0,0,0,0,0,134217728,0,4096,0,1048576,0,0,0]-[0,0,6,0,2304]
[0,0,67108864,524288,0,0,0,0,0,0,0,0,0,0,0,0]-[0,536870912,8192,65537,0]
[0,0,67108864,0,0,256,0,0,0,0,4096,0,0,0,0,0]-[65536,33563904,268435456,4096,0]
[0,256,67108864,0,0,0,8192,0,0,0,0,0,0,0,0,0]-[0,0,0,33624064,2048]
[0,0,0,0,0,1,8192,0,0,0,4096,0,0,0,0,0]-[65536,256,134217728,0,32]
[0,0,67108864,128,0,0,0,0,0,0,0,0,0,0,0,0]-[65536,0,4,37748736,0]
[128,0,67108864,0,0,0,0,0,0,0,0,0,0,65536,0,0]-[0,256,0,33619969,0]
[0,0,0,0,0,0,0,0,0,0,4096,0,0,128,0,512]-[0,536870912,1,69632,0]
[32768,0,67108864,0,0,0,0,0,0,0,0,0,0,0,0,0]-[4096,2048,524288,65536,0]
[0,0,67108864,0,0,0,64,0,0,0,0,524288,0,0,0,0]-[65536,8192,8192,65536,0]
[0,0,0,0,0,0,0,0,1048576,64,0,0,0,0,0,0]-[196608,33554432,0,1,0]
[0,0,0,0,0,0,0,0,1048576,0,262144,0,0,0,0,0]-[65536,8388608,0,536875008,0]
[0,0,16777216,0,0,0,0,0,0,0,268435456,0,1048576,0,0,0]-[1073807616,0,2,0,0]
[128,0,67108864,0,0,0,0,0,0,0,4096,0,0,0,0,0]-[134217728,2048,0,2,256]
[0,0,67108864,0,0,0,0,0,1048576,0,0,32,0,0,0,0]-[32768,16,524288,33554432,0]
[0,134217728,67108864,0,0,0,0,0,0,0,0,0,0,0,0,0]-[201359360,536879104,8192,0,0]
[0,0,67633152,0,0,0,0,0,134217728,0,0,0,0,0,0,0]-[134250496,268435456,0,64,0]
[0,0,0,0,0,64,0,0,1048576,0,0,0,0,0,0,0]-[98304,570425360,129,536870913,256]
[128,0,0,0,0,0,0,0,0,0,8192,0,0,0,0,0]-[65536,536870912,130,0,0]
[0,0,0,0,0,0,0,0,0,0,0,0,0,128,33554432,0]-[512,536872960,524292,64,0]
[0,0,67108864,0,0,0,0,0,0,268435456,0,0,0,0,0,0]-[626688,268435456,0,0,0]
[0,0,67108864,0,0,1,0,0,0,0,0,0,0,0,0,0]-[134217728,50331648,0,1,20]
[0,0,0,0,0,0,0,16,134217728,0,4096,0,0,0,0,0]-[0,8390656,2,0,2048]
[0,0,268435456,0,0,0,0,0,2,0,0,0,0,0,0,0]-[36864,8388608,0,0,256]
[0,0,0,0,65536,0,0,16,0,0,0,0,0,0,0,0]-[557056,0,2,4096,0]
[0,0,8,0,0,0,8192,0,0,0,0,0,0,128,0,0]-[1048576,0,4,65536,32]
[67108864,0,67108864,0,0,0,0,0,1048576,0,0,0,0,0,0,0]-[98304,16,0,2,0]
[128,0,0,0,0,0,536870912,0,0,0,64,0,1048576,0,0,0]-[1207959552,0,0,3,0]
[0,0,67108864,2147483648,0,8192,0,0,0,0,0,0,0,0,0,0]-[589824,2048,524288,0,0]
[0,0,0,0,0,0,0,0,0,0,8,0,0,0,524288,0]-[134283264,0,134348932,0,0]
[0,0,67371008,0,0,0,0,0,0,0,0,0,0,0,0,0]-[0,805306368,0,65537,0]
[0,0,67108864,0,0,64,0,0,1048576,0,0,0,1048576,0,0,0]-[65536,16,0,65,0]
[1048576,0,0,0,0,0,0,16,0,0,0,0,269484032,0,0,0]-[66048,0,4,2,0]
[0,0,67108864,0,0,0,0,0,0,0,135168,0,0,0,0,0]-[589824,536870928,0,0,0]
[0,0,536870912,0,0,0,0,0,4096,0,0,0,0,0,0,0]-[1207959552,0,134217728,0,262144]
[0,0,0,0,0,256,0,0,134217728,0,0,0,0,0,0,0]-[268501504,8388864,4,4096,256]
[0,0,67108864,0,0,0,0,0,134217728,0,0,0,0,128,0,0]-[32768,805306368,532484,69632,524288]
[0,0,67117056,0,0,0,0,0,0,0,0,0,0,0,0,0]-[0,2048,524288,33554433,0]
[0,0,83886080,0,0,0,0,0,1048576,0,0,0,0,0,0,0]-[65536,0,524288,64,256]
[0,0,67108864,0,0,256,0,0,0,0,134221824,0,0,0,0,0]-[0,33562880,0,4096,0]
[0,0,0,0,0,64,0,0,0,0,0,0,0,128,0,0]-[33280,2304,0,0,32]
[0,0,0,0,0,0,0,0,1048576,0,0,0,8,0,0,0]-[0,41943040,0,536870913,0]
[0,0,0,0,0,0,0,16,131072,0,0,0,1048576,0,0,0]-[0,8388608,0,33558528,32]
[0,0,0,0,0,256,0,0,2,0,0,0,0,0,0,0]-[65536,8388608,402653184,0,0]
[0,0,0,0,0,0,0,0,1048578,0,0,0,0,0,0,0]-[98304,8388608,0,4194304,0]
[0,0,0,0,0,0,0,0,0,0,4096,32768,1048576,0,0,0]-[268439552,0,0,69632,0]
[0,0,0,0,0,8192,0,0,0,0,0,0,0,128,0,0]-[32768,813694976,8199,536936448,262176]
[0,0,67108864,0,0,0,0,16,0,0,0,0,0,0,2048,0]-[0,33554432,0,65536,524544]
[0,0,128,0,0,0,0,0,0,0,0,0,1048576,0,0,0]-[0,33556480,0,33554432,262144]
[0,0,67108864,0,0,0,0,0,0,2097152,0,0,0,0,0,0]-[69632,0,524288,0,256]
[0,0,67108864,0,0,128,0,0,1048576,0,0,0,0,0,0,0]-[65536,33554432,0,0,272]
[0,0,0,16,0,0,0,0,0,0,0,0,0,128,0,0]-[32768,536870912,128,65536,0]
[0,0,0,0,0,0,0,0,134217728,0,4096,0,0,0,0,0]-[268500992,545259520,4,16384,2304]
[128,0,67108864,0,8,0,0,0,0,0,0,0,0,0,0,0]-[134217728,2048,0,4259840,0]
[0,0,0,0,0,0,0,16,0,0,0,0,0,0,0,131072]-[1073742336,536879104,524288,0,0]
[0,0,67108864,0,0,0,0,0,0,0,0,0,1048576,536870912,0,0]-[134283264,8192,268435456,0,0]
[268435456,0,67108864,0,0,0,0,0,0,0,0,0,0,0,0,0]-[134217728,33554432,0,66,0]
[0,0,0,0,0,0,0,0,0,0,4096,32,0,0,0,0]-[268435456,33554448,0,0,32]
[0,0,0,0,0,0,0,16,0,0,0,0,1048576,0,0,0]-[1073775104,276834304,134217732,33574912,32]
[0,0,67108864,0,0,0,0,0,0,1073741824,0,0,0,0,0,0]-[0,33554432,0,65537,524288]
[0,0,67108864,0,0,0,0,0,1048576,0,0,0,0,0,0,1]-[32768,570425376,0,0,0]
[0,0,67108864,0,0,256,8256,0,0,0,4096,0,0,0,0,0]-[65536,8448,0,4096,0]
[0,0,0,0,0,0,0,16,0,0,0,16777216,0,0,0,0]-[0,16,2,4097,0]
[0,0,67108864,0,0,0,0,0,0,0,0,0,0,8388608,0,0]-[134250496,256,8192,0,0]
[0,0,0,0,0,0,0,0,0,0,131072,0,0,128,0,0]-[268468224,0,5,0,0]
[2048,0,67108864,0,0,256,0,0,0,0,0,0,0,0,0,0]-[0,301998080,4,0,0]
[0,128,0,0,0,256,0,0,0,0,0,0,0,0,0,0]-[269680640,33554432,134217732,4096,256]
[0,0,0,0,67141632,0,0,0,671088640,0,0,0,0,0,0,0]-[65536,2048,2,0,524288]
[0,0,0,0,0,0,4096,0,0,0,0,1073741824,0,0,0,0]-[1073778688,16,0,0,0]
[0,0,67108864,0,0,67117056,0,0,0,0,4096,0,0,0,0,0]-[134217728,268437504,524288,0,0]
[0,0,67108864,0,0,64,0,0,1048576,0,0,0,0,0,0,0]-[98304,33554704,532480,4163,256]
[0,0,67108864,0,0,0,0,0,0,0,0,0,0,128,33554432,0]-[0,536872960,524288,64,0]
[0,0,16777216,0,0,16,0,0,0,0,4096,0,1048576,0,0,0]-[268435456,0,134217728,65536,32]
[0,0,0,0,67108864,0,0,0,0,0,0,0,0,128,0,0]-[0,8388608,8196,4096,0]
[0,0,67108864,0,0,8192,0,0,1048576,0,0,0,0,0,0,0]-[65536,268435456,0,1,256]
[0,0,67108864,0,0,0,0,0,0,512,4096,0,0,0,0,0]-[69632,536871168,0,0,0]
[0,0,0,0,16,1,0,0,0,0,0,0,0,0,0,0]-[268435456,33562624,524288,0,0]
[0,0,67108872,0,0,0,64,0,0,0,0,0,1048576,0,0,0]-[65536,8208,0,0,256]
[128,0,0,0,0,0,0,0,0,0,0,0,0,0,33554432,0]-[134218240,2304,0,64,0]
[0,0,0,0,0,0,0,16,0,0,0,0,0,64,0,0]-[0,16,134217730,4096,0]
[0,0,335544320,0,0,0,0,0,0,0,0,0,0,0,0,0]-[201326592,536870912,4,0,128]
[131072,0,67108864,0,0,0,0,0,0,0,0,0,0,0,0,0]-[134217728,0,268959744,65538,0]
[0,0,67108864,0,0,0,0,0,0,0,0,0,1048576,2097152,0,0]-[134217728,16,4,2,0]
[0,0,0,0,0,0,0,0,0,0,0,0,1310720,128,0,0]-[269484032,2048,0,65536,0]
[0,0,67108864,65536,0,0,0,0,0,0,0,0,0,0,0,0]-[134283264,33558528,20,0,0]
[0,0,0,0,0,256,0,0,1048576,0,4096,0,0,0,0,0]-[65536,33554688,1,0,0]
[0,0,67108864,0,0,0,0,8,1048576,0,0,0,0,65536,0,0]-[0,33554688,524288,33554432,0]
[0,0,67108864,0,0,64,0,0,0,0,0,0,0,128,0,0]-[32768,2304,524288,0,0]
[0,0,268435456,0,0,8192,0,0,0,0,8,0,0,0,0,0]-[134217728,32768,134217732,0,0]
[0,0,67108864,0,0,0,0,0,0,0,0,0,1048576,0,0,131072]-[134283264,0,0,1,4]
[0,0,1024,0,0,0,0,16,0,0,0,0,1048576,0,0,0]-[0,8388608,134217728,33554432,32]
[16,0,0,0,0,0,0,0,0,0,0,0,0,2048,0,0]-[1081344,256,2,0,256]
[0,128,0,0,0,0,0,0,0,0,4096,0,0,0,0,0]-[4608,33554432,0,4096,0]
[2147483648,0,67108864,0,0,0,0,0,0,0,0,0,0,0,0,0]-[0,16,8196,65536,0]
[0,0,1048576,0,0,0,0,0,134217728,0,0,0,0,128,0,0]-[0,8390912,0,4096,0]
[0,0,67108864,0,0,0,0,0,0,1048576,0,0,0,0,0,0]-[65536,2048,0,2,256]
[0,0,67108864,0,0,8192,0,0,0,0,0,0,0,128,0,0]-[0,268435456,524292,65536,0]
[128,0,0,0,0,64,0,0,0,0,0,0,0,0,0,0]-[1073741824,268435456,0,33619968,0]
[0,0,0,0,0,0,0,0,16777216,0,0,0,1048576,0,0,0]-[134217728,0,2,3,0]
[0,0,0,0,0,0,0,0,0,134217728,0,0,0,128,0,0]-[512,0,524290,65536,0]
[0,0,0,0,0,0,0,0,0,0,4096,0,0,0,33554432,0]-[135266304,0,4,0,2048]
[0,0,0,0,0,0,8192,0,0,0,0,0,0,128,0,0]-[1048576,536871168,4,69696,32]
[0,0,67108864,0,0,0,0,32768,0,0,0,0,0,65536,0,0]-[524288,33554432,0,33554433,0]
[0,0,67108864,0,0,0,0,0,0,0,0,0,0,536870912,0,0]-[134316032,0,2097152,0,0]
[2097152,0,0,0,0,0,0,0,0,0,0,0,1048576,0,0,0]-[1207960064,0,0,0,2048]
[0,0,0,0,0,0,8192,16,0,0,4096,0,1048576,0,0,0]-[0,0,134217728,33558528,32]
[0,0,67108864,0,0,0,0,0,0,0,64,0,0,0,0,0]-[134217728,33554432,0,33554432,4]
[128,0,0,0,0,8192,0,0,0,0,0,0,0,0,0,0]-[134217728,268437504,0,65537,288]
[0,33554432,0,0,0,0,0,0,0,0,8,0,0,0,0,0]-[134217729,0,134217732,0,0]
[0,33554432,67108864,0,0,0,0,0,0,0,4096,0,0,0,33554432,0]-[134217728,0,524292,0,524288]
[0,0,0,0,0,4096,0,16,0,0,0,0,0,0,0,0]-[1074790400,0,524292,0,0]
[0,0,67108864,0,0,0,0,0,0,0,0,0,0,0,8192,0]-[0,536870912,524288,65536,2048]
[0,0,0,0,0,0,0,0,0,2147483648,0,8192,0,0,0,0]-[1114112,0,524288,4096,0]
[0,0,0,0,0,0,64,0,0,0,0,0,262144,0,0,0]-[0,8192,2,65536,256]
[0,0,67112960,0,0,0,0,0,0,0,0,0,0,0,0,0]-[98304,268443648,8192,0,0]
[0,0,0,0,0,0,0,0,135266304,0,1073741824,0,0,0,0,0]-[0,545259776,0,0,256]
[0,0,0,0,0,8388608,0,0,0,0,4096,0,0,0,0,0]-[512,0,134217728,33619968,0]
[0,0,67108864,0,0,0,0,16,0,0,0,0,1048576,0,0,0]-[98304,268445696,4,33554434,0]
[0,0,0,0,0,64,0,0,0,0,4096,0,0,0,0,0]-[268500992,16,0,0,32]
[0,0,67108864,0,0,16,0,0,0,0,0,0,0,0,0,0]-[134774784,536872960,268435456,1,256]
[0,0,67108864,0,0,0,0,0,0,64,4096,0,1048576,0,0,0]-[134217728,0,4,0,524544]
[2097152,0,0,0,0,0,0,16,0,0,0,0,0,0,0,0]-[557056,0,2,1,0]
[0,256,0,0,0,0,0,0,0,0,32768,0,0,0,0,0]-[0,0,4,33619968,262144]
[0,0,0,0,0,8192,0,0,0,0,4096,0,0,0,0,0]-[65792,0,134217728,65536,0]
[16,0,67108864,0,0,0,0,0,0,0,0,0,0,0,0,0]-[65536,33554432,268435456,0,2048]
[0,33554432,0,0,0,0,0,0,134217728,0,0,0,0,0,33554432,0]-[134217728,0,134742016,64,0]
[0,0,16777216,0,0,256,0,0,0,0,0,0,1048576,0,0,0]-[268435456,301989888,134217728,0,0]
[0,0,2048,0,2,0,0,0,0,0,0,0,0,0,0,0]-[0,536879104,2,1,0]
[0,0,0,0,0,0,0,0,0,0,4096,0,8388608,0,0,0]-[1073742336,16,0,65536,0]
[128,0,0,0,0,0,8192,16,0,0,0,0,0,0,0,0]-[1114112,536879104,0,0,0]
[0,0,0,0,67108864,256,0,0,0,0,0,0,0,0,0,0]-[0,8388608,268435460,4096,0]
[0,1048576,0,0,0,0,0,0,0,0,0,0,262144,0,0,0]-[0,10240,2,33554432,0]
[0,0,67108864,0,0,0,0,0,0,0,0,0,262144,0,0,0]-[151554048,570435584,16,33620096,256]
[0,0,67108864,0,0,0,0,0,1048576,0,0,8192,0,0,0,0]-[65536,268435456,524288,4096,0]
[128,0,67108864,0,0,0,0,0,0,0,0,0,0,0,33554432,0]-[134217728,2304,0,64,0]
[0,0,67108864,33554432,0,0,0,16,0,0,0,0,0,0,0,0]-[32768,0,0,33558528,2048]
[0,0,67108864,0,0,0,8192,0,1048576,0,0,0,0,0,0,0]-[65536,536871168,0,33558592,0]
[128,0,0,0,67108864,0,0,0,0,0,0,0,0,0,0,0]-[1073741824,2304,0,1,0]
[0,0,67108864,0,0,0,0,0,0,0,0,0,0,0,0,131072]-[201392128,16384,0,1,0]
[0,0,1024,0,0,0,0,16,0,0,0,0,0,0,0,0]-[0,8388608,134217728,1,32]
[0,0,67108864,0,0,0,2,0,0,16777216,0,0,0,0,0,0]-[0,33556480,4,0,128]
[0,0,67108864,0,0,0,0,0,0,0,0,0,1048576,0,0,0]-[134322177,318826544,268443908,38867011,526736]
[0,0,67108864,0,0,0,0,0,0,0,0,16777216,0,0,0,0]-[134221824,33554432,268435456,0,0]
[128,0,0,0,0,0,32,0,0,134217728,0,0,0,4194304,0,0]-[134218240,268435456,0,65536,0]
[0,0,0,0,0,0,0,0,0,0,4097,0,0,0,0,0]-[524288,33554432,134217728,33554432,0]
[0,0,67108864,0,0,0,0,0,0,0,4096,0,0,0,33554432,0]-[0,2048,524292,0,2048]
[0,0,0,0,0,256,8192,0,0,0,0,0,0,0,0,0]-[196608,0,4,4096,0]
[0,0,67108864,0,0,0,8192,0,0,0,0,0,0,128,0,0]-[1,536871168,4,65600,0]
[0,16384,0,0,0,0,0,0,4097,0,0,0,0,0,0,0]-[1114112,8388608,524288,0,0]
[128,0,67108864,0,0,8192,0,0,0,0,0,0,0,0,0,0]-[0,268437504,0,65537,0]
[0,0,0,0,0,256,0,0,0,0,1073741824,0,0,0,0,0]-[512,41943296,0,0,0]
[0,2097152,16777216,0,0,0,0,0,0,0,4096,0,0,0,0,0]-[0,33554432,268435456,65536,32]
[128,0,0,0,0,32,0,0,0,0,0,0,0,0,0,0]-[134348800,2048,0,65536,0]
[0,0,0,64,0,0,0,0,0,0,0,0,0,0,67108864,0]-[0,33570816,6,0,0]
[0,0,67108864,0,0,0,0,16,0,0,0,0,0,0,0,0]-[134844416,838905088,268443652,33558529,2304]
[0,0,67108864,524288,0,0,0,0,0,256,0,0,0,0,0,0]-[0,536870912,8192,33619968,0]
[0,0,0,0,0,0,0,16,0,0,67108864,0,0,536870912,0,0]-[0,8388608,0,4097,32]
[0,0,67108864,0,0,0,0,0,0,512,32,0,0,0,0,0]-[69632,536870912,0,0,2048]
[0,0,0,2048,67108864,0,0,0,0,0,0,0,0,0,0,0]-[134217728,8404992,4,0,0]
[0,0,67108864,0,0,0,0,0,1052672,0,0,0,0,0,0,0]-[65536,256,524288,33554432,0]
[0,0,67108864,0,0,0,0,0,0,0,0,4,0,0,33554432,0]-[134217728,536871168,0,0,2048]
[0,0,67108864,0,0,0,524288,0,0,0,0,0,0,0,0,0]-[0,33554432,260,4096,0]
[0,0,67108864,33554432,0,0,0,0,0,0,0,0,0,0,0,0]-[32768,536870928,0,0,2048]
[0,0,67108864,0,0,0,0,0,0,0,0,33554432,0,0,0,0]-[0,536870912,4,2,256]
[0,0,67108864,0,0,0,0,0,0,0,8388608,0,0,0,0,0]-[134316032,4096,0,0,0]
[2048,0,0,0,0,10240,0,0,0,0,0,0,0,0,0,0]-[256,2048,4,65536,0]
[0,0,67108864,0,0,0,0,0,262144,0,0,0,0,0,0,0]-[0,2304,0,4097,0]
[0,0,0,0,0,0,536870912,0,0,0,4096,0,0,0,0,0]-[1073807360,41943072,524290,0,256]
[0,0,67108864,0,0,8192,0,0,0,0,4096,0,0,0,0,0]-[589824,268445696,4,65536,256]
[0,0,0,0,0,8192,0,0,1048576,0,0,0,0,128,0,0]-[32768,545259520,1,536870912,0]
[0,0,67108864,0,0,0,0,0,1048576,2097152,0,0,0,0,0,0]-[65536,0,532480,4096,0]
[0,0,67108864,0,0,0,0,0,0,0,64,0,512,0,0,0]-[134217728,0,0,33558530,0]
[0,0,0,0,0,0,0,0,0,134217728,4096,0,0,0,0,0]-[134217728,268435456,2,0,256]
[0,0,0,0,0,0,0,1073741824,0,0,0,0,0,128,0,0]-[268435456,2048,0,65600,0]
[0,0,0,0,0,0,0,0,0,2,0,0,0,128,0,0]-[0,536870912,2,536936448,0]
[2147483648,256,0,0,0,0,0,0,1048576,0,0,0,0,0,0,0]-[0,0,134217732,65536,262144]
[0,0,0,0,0,256,0,0,134217728,0,0,0,0,128,0,0]-[268435456,8388864,4,0,0]
[0,0,0,0,0,0,8192,0,0,0,4096,0,0,0,0,0]-[65536,536879360,134217728,33624064,32]
[0,0,67108864,0,134217728,0,0,0,0,0,8388608,0,0,0,0,0]-[134283264,256,268435456,0,0]
[0,0,0,0,0,0,0,33554432,1048576,0,0,0,0,0,0,0]-[32768,33554432,128,1,256]
[0,0,67108864,2048,0,8192,0,0,0,0,0,0,0,0,0,0]-[134283264,2147485696,4,0,0]
[0,0,67108864,0,0,0,0,0,0,0,0,0,0,128,134217728,0]-[32768,0,524292,2,0]
[0,0,0,0,0,0,0,256,0,0,0,0,1048576,0,0,0]-[512,0,4,1,256]
[0,0,67108864,1073741824,0,0,0,0,0,0,0,0,0,128,0,0]-[0,805306368,524292,0,0]
[0,0,0,0,0,64,0,0,134217728,0,0,0,0,0,0,0]-[66048,2304,0,0,0]
[2147483648,0,67108864,0,0,0,0,256,0,0,0,0,0,0,0,0]-[524288,16,4,65536,0]
[0,0,67108864,0,0,64,0,0,0,8192,0,0,0,0,0,0]-[65536,2048,532480,0,0]
[0,0,0,0,0,64,0,0,0,0,0,32,0,0,0,0]-[268468224,16,524288,0,0]
[0,0,0,0,0,0,256,0,0,0,0,0,0,128,0,0]-[268435456,0,6,64,0]
[0,256,67108864,0,0,0,0,0,0,0,0,0,0,0,0,0]-[0,0,4,33624065,2048]
[0,0,0,0,0,0,0,0,512,0,0,0,0,128,0,0]-[0,8388608,4,65536,262144]
[0,0,16777216,0,0,0,0,0,0,0,4096,0,0,0,0,0]-[268435456,570425344,402653312,65536,32]
[0,0,67108864,0,0,0,0,0,1048576,0,0,0,0,8388608,0,0]-[32768,33554688,8192,0,0]
[0,0,67108864,0,0,0,0,0,16777216,0,0,0,0,0,0,0]-[134742016,0,0,4099,256]
[0,0,0,0,0,0,0,0,0,0,0,0,0,128,0,64]-[0,536870912,6,536870912,0]
[0,0,536870912,0,0,0,0,0,0,0,0,0,1048576,0,0,0]-[1207959552,0,0,536870913,0]
[2147483648,0,0,0,0,0,8192,0,0,0,0,0,0,0,33554432,0]-[0,536870912,402653188,0,0]
[0,0,0,0,0,0,0,0,134217728,0,4096,0,0,128,0,0]-[268435968,536870912,0,4096,0]
[0,0,0,0,0,0,0,0,0,0,4096,0,0,524288,0,0]-[1073745920,0,0,33558528,0]
[1048576,33554432,0,0,0,0,0,0,134217728,0,0,0,0,0,0,0]-[32768,0,134742016,64,0]
[0,0,67108864,0,0,256,8192,0,0,0,0,0,0,0,0,0]-[67174400,0,4,4096,0]
[0,0,67108864,0,0,0,8192,0,134217728,512,0,4,0,0,0,0]-[65536,536871168,0,0,2048]
[0,0,0,0,0,0,0,0,4096,0,0,128,0,0,0,0]-[1207959552,0,134217728,0,524288]
[0,0,0,0,0,0,0,16,0,0,0,0,1048576,128,0,0]-[32768,2048,0,4096,262144]
[0,0,0,0,0,0,0,0,0,0,4096,0,64,0,0,0]-[524288,570425344,0,0,32]
[0,0,67108864,0,0,0,0,0,0,0,0,0,0,134217728,0,0]-[98304,2048,0,0,16]
[0,0,67108864,0,0,0,0,0,1048576,512,4096,0,0,0,0,0]-[0,33554704,0,33554432,0]
[0,0,67108864,0,2,0,0,0,0,0,0,0,0,0,0,0]-[65536,33558528,0,65536,0]
[0,0,68157440,0,0,0,8192,0,0,0,4096,0,0,0,0,0]-[0,536870912,268435456,69632,0]
[128,0,524288,0,0,0,0,0,0,0,0,0,0,0,0,0]-[134217728,2048,0,16385,0]
[0,0,0,0,0,0,0,0,0,2097152,4096,0,0,0,0,0]-[1073807360,272,134217728,86016,0]
[0,0,0,0,0,0,0,0,0,0,32,0,8,0,0,0]-[0,41943040,2,0,524288]
[0,0,67108864,0,0,0,0,8192,1048576,0,0,0,0,0,0,0]-[65536,33554432,0,1,4]
[0,16777216,0,0,0,8192,0,0,0,0,0,0,0,0,0,0]-[0,8192,134217728,65537,0]
[0,1073741824,0,0,0,0,0,0,0,2097152,4096,0,0,0,0,0]-[1073741824,8208,0,65536,0]
[0,0,67108864,0,0,0,0,0,0,0,0,0,32768,0,0,0]-[98304,0,4100,0,0]
[0,0,67108864,0,0,0,64,0,0,0,0,0,0,0,0,0]-[98304,536871184,532480,69632,2304]
[0,0,0,0,0,0,8192,0,0,33554432,0,0,0,0,0,0]-[0,8192,4,4096,32]
[0,0,0,0,0,0,0,0,1048576,0,0,0,1048576,0,0,0]-[163840,41959424,8192,37752832,0]
[0,33554432,0,0,0,0,0,0,1048576,0,0,0,0,128,0,262144]-[32768,8388608,524288,64,0]
[0,33554432,0,0,0,0,0,0,1048576,0,0,0,0,0,0,0]-[98304,8404992,0,0,0]
[0,0,0,0,0,0,0,0,0,0,0,0,64,130,0,0]-[0,536872960,524290,0,32]
[0,0,0,0,0,0,0,524288,0,0,0,0,0,128,0,0]-[269484032,2048,524292,0,32]
[0,0,0,0,0,0,0,0,0,0,0,134217728,1048576,0,0,0]-[1073807872,0,0,0,2048]
[0,0,0,0,0,0,0,0,0,0,0,0,262144,128,0,0]-[269484032,536872960,1,65536,0]
[0,0,67125248,0,0,0,0,0,0,0,0,0,0,0,0,0]-[134250497,0,0,4096,0]
[1048576,135168,0,0,0,0,0,0,0,0,0,0,0,128,0,0]-[1049088,0,4,65536,0]
[0,0,524288,0,0,64,0,16,0,64,0,0,0,128,0,0]-[32768,2048,0,64,32]
[4096,0,0,0,0,0,0,0,0,0,0,0,0,128,0,0]-[268435456,536870912,2,0,32]
[0,0,0,0,2147483648,0,0,0,0,0,0,0,1048576,0,0,0]-[66048,8192,2,0,0]
[0,0,67108864,0,0,0,8192,0,0,0,4096,0,0,0,0,0]-[65537,553656576,268435456,33624064,0]
[0,0,0,0,0,0,0,0,2281701376,0,0,0,0,0,0,0]-[0,536870912,2,4096,2048]
[0,0,67108864,0,0,0,0,2,1048576,0,0,0,0,0,0,0]-[0,536870912,524288,33554432,256]
[0,0,0,0,0,0,0,16,1048576,0,0,0,0,0,0,0]-[1343291392,545259536,524292,570429440,0]
[0,0,0,0,0,0,0,0,0,0,0,0,1048576,128,0,0]-[1477476352,276826128,268443649,69633,262432]
[0,0,0,0,0,0,0,0,0,0,0,16777216,0,128,0,0]-[512,8388608,4,0,32]
[0,0,67112960,0,0,0,0,0,1048576,0,0,0,0,0,0,0]-[98304,268435712,0,0,0]
[0,0,0,0,0,0,0,0,0,0,0,0,269484032,0,0,0]-[1073741824,0,6,2,0]
[0,0,0,0,0,0,0,8,0,0,0,0,1048576,0,0,0]-[36864,33587200,134217728,33554432,0]
[0,0,67108864,0,0,0,0,16,1048576,0,0,0,1048576,0,0,0]-[32768,268435456,0,33558528,0]
[128,0,0,0,0,0,0,0,0,0,0,0,256,0,0,0]-[65536,33554464,2,0,0]
[0,0,0,0,0,0,0,0,131072,67108864,0,0,1048576,0,0,0]-[32769,33554432,134217728,0,0]
[0,0,67108864,0,0,8192,0,0,134217728,0,0,0,0,0,0,0]-[65536,2048,4,0,128]
[0,0,0,0,0,1,8256,0,0,0,4096,0,0,0,0,0]-[65536,0,268435456,65536,32]
[524288,0,67108864,0,0,0,0,0,0,0,0,0,0,0,0,0]-[0,0,524292,4096,2048]
[0,0,0,0,0,2147483648,0,128,0,0,0,0,0,0,0,0]-[0,536870912,134217728,0,288]
[0,0,0,0,0,268435456,0,0,1048576,0,0,0,0,0,0,0]-[32768,536870912,0,570425344,0]
[0,0,0,0,0,0,0,0,0,134217728,0,32,0,0,0,0]-[66048,268435456,0,65536,0]
[0,0,0,0,0,0,0,16,0,0,0,0,0,128,0,0]-[268468224,813697024,8198,4160,32]
[0,0,0,0,0,0,0,0,0,0,0,0,0,134217856,0,0]-[0,536870912,7,0,0]
[0,0,0,0,0,256,0,0,134217728,0,4096,0,0,0,0,0]-[66048,256,0,4096,0]
[0,0,0,0,0,0,0,131072,0,0,0,0,0,32768,0,0]-[65536,570425344,0,0,512]
[128,0,0,0,0,0,0,0,0,0,64,0,0,0,0,0]-[1207959552,0,0,33554434,0]
[0,0,67108864,64,0,0,0,0,0,0,0,0,0,0,0,0]-[0,33570816,4,4096,0]
[0,0,0,0,0,384,0,0,0,64,4096,0,0,0,0,0]-[66048,33554432,1,0,0]
[524288,0,0,64,0,0,0,0,0,0,0,0,0,0,0,0]-[0,33587200,6,0,0]
[0,0,0,0,0,0,0,0,0,0,0,0,1048576,1048576,0,0]-[0,33556480,0,33570816,0]
[0,0,0,0,0,0,0,0,262144,0,0,0,0,128,0,0]-[1048576,545259520,2,0,0]
[2147483648,0,0,0,0,0,0,0,0,0,4096,0,0,0,0,0]-[1074266112,0,0,33619968,0]
[0,0,67108864,2147483648,0,0,0,0,0,0,0,0,0,0,0,0]-[65536,2048,268435456,33554432,0]
[0,0,0,0,0,16384,0,0,0,0,0,0,0,536870912,0,0]-[4096,33554432,0,1,32]
[0,0,0,0,0,0,8192,0,0,0,0,0,268435456,0,0,0]-[65537,0,134217732,0,0]
[0,0,67108864,0,0,0,536870912,0,0,512,0,0,0,0,0,0]-[65536,33554432,2097152,65536,0]
[0,256,0,0,0,0,0,0,1048576,0,0,0,0,0,0,0]-[0,0,134217730,65536,2048]
[131200,0,0,0,0,0,0,0,0,0,0,0,0,0,0,0]-[134217728,0,0,65538,32]
[0,0,268435456,0,0,0,0,0,0,0,0,0,1048576,0,0,0]-[268472320,8388608,0,0,0]
[0,0,67108864,0,0,0,0,0,2147483648,0,0,0,0,0,0,0]-[0,2064,524288,33554432,256]
[0,0,67108864,0,0,0,0,0,1048576,0,0,0,1048576,0,0,0]-[98305,33570832,0,4198464,256]
[0,0,67108864,0,0,0,8192,0,0,512,0,0,0,0,0,0]-[65536,256,0,65600,2048]
[0,0,0,0,0,0,0,0,1310720,0,0,0,0,0,0,0]-[65536,8388608,8192,33554432,0]
[0,0,0,0,67108864,256,0,0,0,0,0,0,0,128,0,0]-[0,276824064,4,4096,0]
[0,16384,0,0,0,32,0,0,0,0,0,0,0,0,0,0]-[1081344,536870928,0,0,0]
[0,0,67108864,0,0,0,0,0,0,0,0,0,262144,128,0,0]-[0,536872960,0,65536,524288]
[0,0,0,0,0,8448,0,0,0,0,0,0,1048576,0,0,0]-[65792,0,4,0,256]
[0,0,0,0,0,0,0,16,0,0,4096,0,0,0,0,131072]-[1342177792,536870912,0,0,0]
[0,0,67108864,0,0,0,0,0,0,0,0,131072,0,0,0,0]-[0,33556480,0,64,2048]
[0,0,0,0,0,0,16777216,0,0,0,0,0,8,0,0,0]-[1081344,8192,4,0,0]
[0,0,8192,0,0,0,0,16,0,0,0,0,0,128,0,0]-[32768,276824064,2,0,0]
[0,0,0,0,0,16,0,0,0,0,4096,0,0,0,0,0]-[1342177280,0,134217728,0,32]
[0,0,67108864,0,0,0,0,0,0,0,16777216,1073741824,0,0,0,0]-[36864,2064,0,0,0]
[0,0,67108864,0,0,0,0,0,0,0,0,0,0,16,0,0]-[0,16,4,4160,0]
[0,0,67108864,65536,0,256,0,0,0,0,0,0,0,0,0,0]-[65536,33558528,20,0,0]
[0,0,0,0,0,0,2147483648,0,0,0,64,0,0,0,0,0]-[1207959553,536870912,0,0,0]
[0,0,0,0,0,0,0,0,0,0,0,2147483648,1048576,128,0,0]-[1207959552,0,268435456,1,0]
[0,0,16777216,0,0,8192,0,0,0,0,0,0,1048576,0,0,0]-[0,268437504,134217728,65536,0]
[0,0,0,0,0,0,0,0,135266304,0,0,0,0,0,0,0]-[268500992,8388608,6,4096,526336]
[0,0,67108864,0,0,0,0,16,1048576,0,0,0,0,0,0,0]-[32768,268435472,0,33558593,0]
[0,0,0,0,0,256,0,0,0,0,0,0,1048576,0,0,0]-[269550080,310378496,402653189,4096,0]
[0,0,67108864,0,0,0,0,0,0,0,0,0,1048576,128,0,0]-[0,268437504,8192,69632,0]
[0,0,67108864,0,0,0,0,0,1048576,1,0,0,0,0,0,0]-[98304,570425344,0,1048576,0]
[0,0,67108864,0,0,4096,0,0,0,0,0,0,1048576,128,0,0]-[134217728,8208,0,1,0]
[0,0,67108864,0,0,0,32768,0,0,0,0,0,0,0,0,0]-[65536,536870944,4,0,0]
[256,0,67108864,0,0,0,0,0,0,0,0,0,0,0,0,0]-[98304,0,4,128,0]
[128,0,0,0,0,0,0,0,0,0,0,0,1048576,0,0,0]-[1207960064,0,0,66,256]
[0,0,67108865,0,0,0,0,0,0,0,65536,0,0,0,0,0]-[4096,0,524292,4096,0]
[0,0,67108864,8192,0,0,0,0,1048576,0,0,0,0,0,0,0]-[32768,256,0,33554432,256]
[0,4,67108864,0,0,0,0,0,0,0,0,0,0,0,0,0]-[134217728,8208,0,33554432,0]
[0,0,67108864,0,0,268435456,0,0,1048576,0,0,0,0,0,0,0]-[32768,536870912,0,33554434,0]
[0,0,67108864,0,0,0,0,16,0,0,0,0,0,128,0,0]-[0,536870912,532484,0,0]
[0,0,524288,0,0,0,0,0,0,0,0,32,0,0,0,0]-[134250496,0,0,16384,32]
[0,0,0,0,67108864,0,0,0,0,0,1073741824,0,1048576,0,0,0]-[1073807360,0,2,0,524288]
[0,0,0,0,0,0,0,0,0,0,4096,0,0,0,0,131072]-[1073742336,536870912,0,0,32]
[0,0,0,0,0,0,0,0,2048,0,4096,0,0,0,0,0]-[268500992,0,268435456,65536,0]
[0,0,0,8388608,0,0,0,0,0,0,4096,0,0,0,0,0]-[268435456,33554688,0,33554432,0]
[0,0,16777216,0,0,0,0,0,0,0,0,0,0,0,33554432,0]-[0,536872960,134217728,0,2048]
[0,0,0,0,0,0,8192,0,0,0,4096,0,1024,0,0,0]-[65536,256,0,33554432,32]
[0,0,0,0,0,0,0,0,0,0,4096,0,0,0,67108864,0]-[65536,0,128,33619968,0]
[0,0,0,0,0,8192,0,0,0,134217728,0,0,0,0,0,0]-[134283264,0,64,65536,0]
[0,0,0,0,0,0,64,0,0,0,0,0,0,128,0,0]-[1081344,536870912,532482,69632,0]
[0,0,0,0,0,0,0,0,0,0,4096,0,1048576,0,0,0]-[268439552,33554432,134217729,33640448,32]
[0,0,0,0,0,0,0,67108864,134217728,0,0,0,0,0,0,0]-[512,536870912,2,0,256]
[128,0,0,0,0,0,0,0,0,0,0,1024,0,0,0,0]-[1207959552,0,0,33570816,0]
[524288,0,67108864,64,0,0,0,0,0,0,0,0,0,0,0,0]-[0,33587200,4,4096,0]
[0,0,0,0,0,0,0,0,134217728,0,0,0,0,128,33554432,0]-[512,536871168,4,0,0]
[0,0,67108864,0,0,0,0,0,1048576,0,0,0,0,0,0,0]-[151099393,838887696,532496,38801987,524692]
[0,256,0,0,0,0,0,16777216,0,0,0,0,1048576,0,0,0]-[0,33554432,134217728,4096,262144]
[128,0,0,0,0,0,0,0,0,0,32768,0,0,0,0,0]-[512,0,0,33619968,256]
[0,0,67108864,0,0,0,0,0,0,0,1,0,0,0,0,0]-[65536,0,524288,65538,0]
[0,0,0,0,0,8448,0,0,0,0,0,0,0,0,0,0]-[65536,268435456,134217728,0,256]
[0,0,0,0,0,0,8192,0,0,0,4096,0,0,128,0,0]-[0,536871168,0,65536,32]
[0,0,67633152,0,0,0,0,0,0,0,0,0,0,0,0,0]-[134217728,0,8192,4097,0]
[0,0,0,0,0,0,0,16,0,0,4096,0,0,0,0,0]-[1342247425,553656336,134217728,37752832,0]
[0,0,67108864,0,0,0,0,0,0,0,67108864,0,0,0,0,0]-[0,10240,0,4097,0]
[0,0,67108864,0,0,64,0,0,4096,0,0,0,0,0,0,0]-[32768,2048,8192,1,0]
[0,0,0,0,0,0,0,0,0,1,4096,0,0,0,0,0]-[0,16,134217728,65536,32]
[0,0,67108864,0,0,0,0,16,0,0,0,0,0,1048576,0,0]-[0,2064,0,33554433,0]
[0,67108864,0,0,0,8192,0,0,0,0,0,0,0,0,0,0]-[589824,0,134217728,1,0]
[0,8192,67108864,0,0,0,0,0,0,0,4096,0,0,65536,0,0]-[524288,33554688,0,65536,0]
[0,0,0,0,1073741824,0,0,16,0,0,0,0,0,0,0,0]-[1073807360,0,532480,0,0]
[0,0,0,0,0,0,8192,0,0,0,0,0,1048584,0,0,0]-[1048576,0,0,33624064,0]
[0,0,0,16384,0,256,0,0,0,0,0,0,0,0,0,0]-[268435456,8388608,134217728,0,256]
[0,0,67108864,0,0,0,0,0,0,0,0,0,0,128,0,0]-[201359361,855664912,268968196,69699,524548]
[0,0,0,0,0,0,0,16,0,0,0,0,4096,0,0,0]-[0,2048,134217728,4160,0]
[0,0,0,0,0,0,0,16,1048576,0,0,0,1048576,128,0,0]-[32768,276824064,0,4096,0]
[0,0,0,0,0,64,0,0,0,0,0,32,0,128,0,0]-[268468224,0,524288,0,32]
[0,0,67108864,0,0,0,0,0,0,256,0,0,0,0,0,0]-[0,2048,0,33619968,2048]
[0,0,67108864,0,0,0,0,8,0,0,0,0,0,0,0,0]-[4096,33554432,524288,33554432,0]
[524288,0,0,0,0,0,0,0,0,0,0,0,0,128,0,0]-[0,545259520,0,65538,0]
[0,0,67108864,0,0,0,0,134217728,0,0,0,0,0,0,0,0]-[524288,33554432,4,0,2048]
[0,0,67108864,0,0,0,0,0,135266304,0,0,0,0,0,0,0]-[65536,536870912,0,0,524544]
[0,0,0,0,0,0,0,524288,0,2147483648,4096,0,0,128,33554432,0]-[1048576,2048,524292,0,0]
[0,0,67108864,0,0,8192,0,0,0,0,0,524288,0,0,0,0]-[134283264,268443648,0,16842752,0]
[0,0,4096,0,0,0,0,0,1048576,0,0,0,0,0,0,0]-[229376,8388608,0,0,0]
[0,0,67108864,0,0,0,64,0,1048576,0,0,0,0,0,0,0]-[65536,0,8192,4096,256]
[0,8388608,0,0,0,0,0,0,0,0,4096,0,0,0,0,0]-[65792,33554432,0,0,32]
[128,0,67108864,0,0,0,0,0,0,0,0,0,1048576,0,0,0]-[0,268437504,0,33619968,0]
[0,0,0,0,67239936,0,0,0,0,0,0,0,1048576,0,0,0]-[1073807360,0,0,1,524288]
[0,0,67108864,0,0,0,0,0,0,0,4096,0,262144,0,0,0]-[524288,536870912,0,33619968,0]
[0,0,16777216,0,0,0,0,0,4096,0,0,0,0,0,0,0]-[1207959808,0,0,4096,0]
[0,0,67108864,0,0,0,8192,0,1048576,0,4096,0,0,0,0,0]-[0,536871168,0,33558528,0]
[0,32768,67108864,0,0,0,0,0,0,32768,0,0,0,0,0,0]-[98304,16777216,0,4096,0]
[0,0,67108864,0,0,0,0,0,0,0,0,0,65536,0,0,0]-[65536,1056,4,65536,0]
[0,0,0,0,0,0,0,0,0,0,536870912,0,262208,0,0,0]-[524288,536872960,2,0,0]
[0,0,0,0,0,0,0,0,1048576,0,0,8388608,0,0,0,0]-[1073741824,0,6,16384,262144]
[0,256,0,0,0,0,0,0,0,0,4096,0,0,0,0,0]-[256,33554432,134217728,33619968,0]
[0,0,67108864,0,0,8192,536870912,0,0,0,0,0,0,0,0,0]-[134283264,0,2097152,65536,0]
[0,0,67108864,0,0,0,0,0,0,16777216,0,0,0,0,0,0]-[0,33554432,4,4198401,4]
[0,256,0,0,0,0,0,16777216,0,0,0,0,0,0,0,0]-[0,33554432,134217730,4096,262144]
[128,0,0,0,0,0,0,0,1048576,512,4096,0,0,0,0,0]-[65536,33554448,128,0,0]
[0,0,67108864,0,0,8192,0,0,0,0,0,8192,0,0,0,0]-[65536,268437504,524288,0,0]
[128,0,67108864,0,0,0,0,16,0,0,0,0,0,0,0,0]-[134217728,0,0,65536,524544]
[0,0,0,0,0,0,0,0,0,0,0,4194304,0,0,1073741824,0]-[65536,0,134217728,4098,0]
[0,0,0,0,0,0,0,0,16777216,0,4096,0,0,0,0,0]-[268435456,536870928,134217728,0,0]
[0,0,67108864,0,0,0,0,0,0,0,4096,0,1048576,0,0,0]-[1,33587200,0,4263936,0]
[192,0,0,0,0,0,0,0,0,0,0,0,0,0,0,0]-[1048576,33554432,524290,0,0]
[0,0,524288,0,0,8192,0,0,0,0,0,0,0,0,0,0]-[65536,268437504,0,0,32]
[0,0,0,0,0,0,0,0,1048576,0,0,0,1048576,128,0,0]-[32768,8388608,8192,4096,0]
[0,0,67108864,0,0,0,0,0,134217728,0,0,0,0,128,33554432,0]-[0,536872960,4,0,524288]
[0,0,0,0,0,0,0,0,0,0,0,0,1048576,0,4,0]-[1073741824,16,4,64,0]
[0,0,0,0,0,0,8388608,0,0,0,4096,0,0,0,0,0]-[512,536870912,0,33558528,0]
[1048576,0,0,0,0,0,8192,0,0,0,0,0,0,0,0,0]-[1114112,536870912,134217728,33620032,2048]
[128,0,0,0,0,0,64,0,0,0,0,0,0,0,0,0]-[1073742336,2048,0,33554432,0]
[1048576,0,67108864,0,0,0,0,0,1048576,0,0,0,0,0,131072,0]-[32768,536870912,8192,33554432,0]
[0,0,67108864,0,0,8448,0,0,0,0,0,0,0,0,0,0]-[589824,268445696,4,65537,0]
[0,0,0,0,0,256,8192,0,0,0,4096,0,0,0,0,0]-[65536,0,402653184,4096,0]
[0,0,0,0,0,2147483648,0,0,0,0,0,0,1048576,128,0,0]-[1048576,8390656,0,4096,0]
[0,0,0,0,0,0,0,0,0,0,67108864,0,1048576,128,0,0]-[268435456,8390656,0,4096,32]
[0,0,67108864,0,536870912,0,0,0,0,0,0,0,0,0,0,0]-[65536,0,268959744,65536,0]
[256,0,0,0,0,0,0,0,0,0,0,0,0,128,0,0]-[268435456,2048,524288,4096,0]
[0,0,0,0,0,0,0,0,134217728,0,0,16777216,0,0,0,0]-[65536,0,2,20480,0]
[0,0,67108864,0,0,256,0,0,0,0,0,0,0,0,0,0]-[67174400,301992192,268435460,69633,2304]
[0,0,67108864,16777216,0,0,8192,0,0,0,0,0,0,0,0,0]-[0,8192,4,65600,0]
[0,0,67108864,0,0,0,0,16,0,0,0,0,4096,0,0,0]-[0,2048,0,4161,0]
[0,0,0,0,0,0,64,0,0,0,4096,0,0,0,0,0]-[0,16,0,69632,32]
[0,0,0,0,0,1,0,0,0,16384,0,0,0,0,0,0]-[134217728,33562624,1,0,0]
[0,0,0,0,0,0,0,0,0,0,0,32,1048576,0,0,0]-[269516800,33554432,0,33570816,32]
[0,0,0,0,0,0,0,0,0,0,0,0,0,128,0,512]-[0,536870912,5,4096,0]
[128,0,67108864,0,0,0,0,0,0,0,0,0,0,0,0,0]-[134217728,268437504,8192,33620035,524304]
[0,0,67108864,0,0,0,0,0,0,0,16384,0,0,0,0,0]-[134217728,16,8192,65536,0]
[0,33554432,0,0,0,0,0,0,2,0,0,0,0,0,0,0]-[98305,0,134217728,0,0]
[0,0,67108864,0,4096,8192,8192,0,0,0,0,0,0,0,0,0]-[65536,0,4100,65536,0]
[0,0,268439552,0,0,0,0,0,0,0,0,0,0,128,0,0]-[268468224,8388864,0,0,0]
[0,0,0,0,0,0,0,0,1048576,0,1,0,0,0,0,0]-[0,41943040,0,570425344,0]
[0,0,0,0,0,0,0,16,134217728,0,0,0,0,0,0,0]-[0,2048,2,4096,2048]
[0,0,0,0,0,0,0,16,0,0,0,32,0,0,0,0]-[32768,16,0,33554432,32]
[0,0,67108864,0,0,536870912,0,0,0,0,0,0,0,0,0,0]-[4096,33554432,524288,1,0]
[0,0,67108864,8,0,0,0,16,0,0,0,0,0,0,0,0]-[32768,0,0,4097,2048]
[0,2048,67108864,0,0,0,0,0,0,0,0,0,0,0,0,0]-[65536,0,0,65536,524544]
[0,0,0,0,0,0,0,16,0,0,32,0,0,0,0,0]-[1118208,536870912,0,0,0]
[16777216,0,0,0,0,0,0,0,0,0,0,0,1048576,0,0,0]-[134283776,0,268435456,0,0]
[0,0,67108864,0,0,0,0,0,0,0,4096,0,0,0,0,0]-[218699776,2734729488,268439556,37819008,4]
[0,0,0,0,0,0,0,0,1048576,0,0,0,0,128,0,0]-[32768,545259776,524289,536875010,0]
[0,0,0,0,0,0,0,0,0,0,0,134217728,0,128,0,0]-[268468224,0,2,64,0]
[0,1073741824,67108864,0,0,0,0,0,0,0,4096,0,0,0,0,0]-[0,536879120,0,65536,0]
[0,0,0,0,4096,0,0,0,0,0,134221824,0,0,0,0,0]-[1073741824,33562880,0,0,0]
[0,256,0,0,0,0,0,0,1048576,0,0,0,0,128,0,0]-[0,0,6,65536,262144]
[0,0,4096,0,0,256,0,0,0,0,0,0,0,0,0,0]-[268500992,276824064,0,0,0]
[0,0,0,0,0,0,0,0,0,0,0,0,268435472,0,0,0]-[0,268435456,134217734,0,0]
[131200,0,0,0,0,0,0,0,0,0,0,0,0,128,0,0]-[0,2048,0,65600,32]
[0,0,67108864,2048,0,0,0,0,0,0,0,0,0,0,0,0]-[134283264,2080,260,0,0]
[0,0,0,0,0,256,0,0,1048576,0,0,0,1048576,0,0,0]-[0,41943040,1,4096,0]
[0,128,0,0,0,0,0,0,0,0,0,0,0,0,0,131072]-[1073741824,536871168,524288,0,0]
