[1,5]-[180,181,183,185,187,188,190,193,194,195,196,197,199]
[1,5]-[83,84,85,86,88,89,90,92,93,94,95,96,97]
[1,5]-[40,41,42,44,47,48,49,52,53,56,59]
[1,5]-[20,26,28,31,36,38]
[0,8]-[20,21,22,24,26,27,28,30,31,33,35,36,37,38,39]
[0,8]-[0,2,3,4,6,8,9,10,12,13,14,15,16,18]
[1,2,7]-[81,83,85,87,88,89,90,92,94,97]
[1,5,8]-[180,183,187,190,194,196,199]
[0,3]-[100,101,103,106,107,109,110,111,112,114,116,117,118,119]
[0,3]-[21,22,23,24,26,27,28,29,30,31,33,35,36,37,38]
[0,3]-[3,4,7,8,10,13,15,17,18]
[0,3]-[120,121,124,125,127,131,135,138,139]
[5,9]-[40,41,42,43,44,45,46,47,48,49,51,52,53,55,56,57,58,59]
[5,9]-[160,161,163,165,166,168,169,170,171,174,175,176,178,179]
[5,9]-[120,126,127,132,133,134,136,137,138,139]
[5,9]-[0,2,6,7,11,12,13,14,18,19]
[5,9]-[80,82,83,84,86,88,89,90,91,92,93,95,96,97,98,99]
[3,5,9]-[120,126,127,131,133,137,138,139]
[4,7,8]-[0,1,2,3,4,7,8,10,11,14,15,16,18,19]
[1,9]-[0,1,3,5,6,7,8,10,11,12,13,16,17,18,19]
[1,9]-[40,41,42,43,44,45,47,48,49,51,52,53,54,56,59]
[1,9]-[120,122,126,127,130,131,135,136,138,139]
[1,9]-[180,186,188,191,192,194,195,196,197,198]
[1,9]-[160,161,163,166,167,170,171,172,174,175,176,179]
[1,9]-[101,102,103,105,107,108,115,116,119]
[1,9]-[81,83,84,86,87,88,89,90,92,93,95,96,97,99]
[1,6]-[81,83,84,86,87,88,90,92,93,94,95,96,97,99]
[1,6]-[100,101,102,103,104,105,107,108,110,112,113,115,116,117,119]
[1,6]-[21,24,25,26,27,29,30,31,32,33,34,38,39]
[1,6]-[60,62,64,65,66,67,69,72,73,74,77,79]
[1,8]-[60,61,62,64,65,66,67,68,69,70,73,74,77,78]
[1,8]-[180,181,182,183,184,185,186,187,189,190,191,192,194,196,197,199]
[1,8]-[81,85,87,88,89,92,93,94,95,96,97]
[1,8]-[20,21,24,25,26,27,28,30,31,33,35,36,38,39]
[1,8]-[41,42,44,47,48,49,52,53,56,59]
[2,5,7]-[160,161,163,165,166,168,169,170,171,177,179]
[3,9]-[40,41,42,43,45,47,51,53,55,56,57,58]
[3,9]-[120,125,126,127,128,130,131,132,133,134,135,136,137,138,139]
[3,9]-[0,7,8,10,12,13,16,18,19]
[0,5,7]-[140,141,143,145,147,150,155,156,158,159]
[0,1,2]-[21,26,27,28,32,35,36,38,39]
[0,1,2]-[81,83,85,87]
[0,2]-[160,161,163,164,165,166,167,168,169,170,171,173,175,176,177,179]
[0,2]-[80,81,83,85,86,87,88,89,90,91,92,93,94,96,97]
[0,2]-[142,143,145,147,149,150,153,154,155,157,159]
[0,2]-[100,101,106,111,113,114,116,117,118,119]
[0,2]-[20,21,22,23,24,26,27,28,29,31,32,35,36,37,38,39]
[4,5,8]-[140,141,145,147,149,150,151,153,156,158]
[0,2,5,7]-[160,161,171,177,179]
[0,4,5]-[140,141,143,145,147,150,153,154,156,158]
[3,7]-[80,83,85,87,90,93,94,95,97,98,99]
[3,7]-[0,3,4,7,8,10,12,15,18,19]
[3,7]-[101,103,104,106,107,108,109,110,116,117,118]
[1,3]-[101,102,103,105,107,108,110,112,115,116,117,118,119]
[1,3]-[180,181,182,183,184,186,187,188,189,190,194,195,196,197,198,199]
[1,3]-[60,63,64,66,67,68,69,70,72,73,74,78,79]
[1,3]-[120,125,126,127,129,130,131,132,135,136,138,139]
[1,3]-[25,27,28,29,30,34,35,36,38]
[8,9]-[40,41,42,43,44,45,47,48,49,52,53,54,55,56,57,58,59]
[8,9]-[80,81,87,89,91,92,93,95,96,97]
[8,9]-[161,165,166,167,168,170,173,174,176,179]
[8,9]-[0,1,2,3,6,7,8,10,11,12,13,14,15,16,18]
[1,2,9]-[81,83,86,87,89,91,92,93,96,97,99]
[1,2,9]-[40,41,42,43,44,47,49,51,52,54,56,59]
[2,8,9]-[40,41,42,43,44,47,48,49,52,54,56,57,58,59]
[4,8]-[60,61,62,64,65,66,67,68,69,70,71,73,74,75,77,78]
[4,8]-[80,81,82,85,87,88,91,93,95,96,97,98]
[4,8]-[140,141,144,145,147,149,151,153,156,157,158]
[4,8]-[40,41,42,44,45,47,49,55,58,59]
[4,8]-[20,21,22,24,25,26,27,28,30,31,33,35,37,38]
[4,8]-[102,106,107,108,109,111,113,114,116,117]
[4,8]-[0,1,2,3,4,7,8,10,11,13,14,15,16,18]
[0,7]-[140,141,142,143,145,147,150,155,156,158,159]
[0,7]-[0,2,3,4,5,6,7,8,9,10,12,14,15,16,18,19]
[0,7]-[20,21,26,27,28,30,32,33,36,37]
[0,7]-[81,83,84,85,86,88,89,90,91,92,94,97]
[0,1,8]-[21,26,27,28,30,31,33,35,36,38,39]
[1,7,9]-[81,84,86,87,89,90,95,97]
[2,8]-[41,42,43,44,47,48,49,52,53,54,56,57,58,59]
[2,8]-[80,81,82,85,87,88,89,91,92,93,94,96,97,98]
[2,8]-[161,165,166,167,168,169,170,175,176,179]
[0,2,4]-[23,26,37,38]
[5,7]-[83,84,85,86,89,90,91,92,94,95,97,98]
[5,7]-[140,141,143,145,147,150,151,155,156,158,159]
[5,7]-[4,6,9,11,12,14,15,18,19]
[1,2,4]-[123,126,129,130,131,132,136,138,139]
[1,2,4]-[41,46,47,49,52,59]
[2,4]-[160,161,162,163,165,166,167,168,170,171,173,175,176,179]
[2,4]-[40,41,42,43,44,45,46,47,49,52,54,55,59]
[2,4]-[0,1,5,8,10,11,13,14,15,16,19]
[2,4]-[80,81,82,83,85,86,87,88,90,91,93,96,97,98,99]
[2,4]-[123,126,129,130,131,132,133,134,135,136,138,139]
[0,2,5]-[20,21,22,23,24,26,27,29,31,37,38]
[0,2,3]-[22,23,24,27,28,29,35,36,37,38]
[2,4,7]-[161,163,166,167,170,173,176,179]
[7,8]-[81,85,87,88,89,91,92,94,95,97,98]
[7,8]-[140,145,146,147,150,151,155,156,158,159]
[7,8]-[0,1,2,3,4,6,8,9,10,11,12,14,15,16,18]
[1,4]-[20,21,25,26,28,29,30,31,32,33,35,36,38]
[1,4]-[81,83,84,85,86,87,90,93,95,96,97,99]
[1,4]-[181,183,185,186,188,191,192,194,195,196,198]
[1,4]-[122,123,126,127,129,130,131,132,135,136,138,139]
[1,4]-[61,62,64,65,66,67,68,69,70,72,73,74,77,79]
[1,4]-[100,102,103,104,105,107,108,112,113,115,116,117,118]
[5,8,9]-[40,41,42,43,44,45,47,48,49,52,53,55,56,57,58,59]
[0,2,6]-[21,22,23,24,27,29,31,32,37,38,39]
[3,6]-[22,23,25,26,27,29,30,33,34,37,38]
[3,6]-[100,101,102,103,104,105,106,107,108,110,111,112,114,115,116,117,119]
[3,6]-[120,121,125,126,128,129,131,133,136,139]
[1,4,9]-[81,84,86,90,93,95,96,97,99]
[6,8]-[21,22,24,25,26,27,30,31,33,37,38,39]
[6,8]-[180,181,182,183,184,185,186,192,194,197]
[6,8]-[80,81,82,87,88,92,93,94,95,96,98]
[6,8]-[60,62,64,65,67,68,69,71,73,74,77]
[6,8]-[0,1,7,9,10,11,12,13,14,15,18]
[6,8]-[120,121,122,125,126,128,129,131,133,134,139]
[1,2]-[160,161,162,163,164,166,167,170,171,172,174,175,176,179]
[1,2]-[81,83,85,86,87,88,89,90,91,92,93,94,96,97,99]
[1,2]-[120,123,125,126,129,130,131,132,135,136,138,139]
[1,2]-[40,41,42,43,44,46,47,48,49,51,52,53,54,56,59]
[2,3]-[162,163,164,165,166,168,172,173,175,176,177,179]
[2,3]-[100,101,104,105,108,109,110,114,118,119]
[2,3]-[120,125,126,129,130,131,132,133,134,135,136,138,139]
[2,3]-[41,42,43,45,46,47,50,53,55,56,58]
[0,3,8]-[22,24,26,27,28,30,31,33,35,36,37,38]
[0,2,7]-[160,161,163,165,166,167,169,170,171,173,176,177,179]
[4,6,9]-[80,81,82,84,86,87,88,90,93,95,96,99]
[0,2,8]-[80,81,85,87,88,89,91,92,93,94,96,97]
[0,2,8]-[20,21,22,24,26,27,28,31,35,36,37,38,39]
[7,9]-[0,1,2,3,6,7,8,10,11,12,13,14,16,17,18,19]
[7,9]-[40,43,44,45,46,47,48,49,52,53,54,55,56,57,58,59]
[7,9]-[160,161,166,167,170,172,173,174,176,179]
[7,9]-[81,83,84,86,87,89,90,91,92,95,97]
[1,6,9]-[81,84,86,87,90,93,95,96,99]
[6,7]-[100,101,103,104,105,106,107,111,112,113,115,117,119]
[6,7]-[0,1,5,7,9,10,11,12,14,15,18,19]
[6,7]-[45,46,48,50,52,53,54,55,56,57,59]
[6,9]-[0,1,5,6,7,10,11,12,13,14,16,17,18,19]
[6,9]-[40,42,45,47,48,49,52,53,54,56,57,58,59]
[6,9]-[100,101,102,103,105,107,108,111,115,117,119]
[6,9]-[80,81,82,83,84,86,87,88,90,92,93,95,96,97,99]
[3,4,5]-[121,124,126,127,129,130,132,133,134,139]
[5,6]-[80,82,83,84,88,90,92,93,94,95,96,97,98]
[5,6]-[21,22,23,24,25,26,27,29,30,31,33,34,37,39]
[5,6]-[161,163,165,166,169,170,171,174,176,177,178,179]
[5,6]-[0,6,7,9,11,12,13,14,18,19]
[3,5]-[140,141,143,145,148,149,150,151,152,154,155,156,158,159]
[3,5]-[120,121,124,126,127,128,129,130,132,133,134,139]
[3,5]-[22,24,25,26,27,28,29,33,34,36,37,38]
[0,1]-[20,21,24,26,27,28,29,30,31,32,33,35,36,37,38,39]
[0,1]-[40,41,47,49,51,52,53,54,56,59]
[0,1]-[182,183,186,188,190,191,192,194,195,196,197,198]
[0,1]-[60,61,63,66,68,69,70,76,77]
[0,1]-[81,84,86,88,89,90,92,93,94,96,97]
[0,3,4]-[22,23,26,28,29,30,33,35,37,38]
[1,7]-[101,103,107,108,110,113,115,116,117,118]
[1,7]-[81,83,84,85,86,87,88,89,90,92,93,94,95,97,99]
[1,7]-[160,161,162,163,166,167,170,172,174,176]
[1,7]-[40,46,48,49,52,53,54,56,59]
[0,4]-[20,21,22,23,24,26,27,28,29,30,31,32,33,35,36,37,38]
[0,4]-[140,141,143,145,147,148,149,150,151,153,154,156,157,158]
[0,4]-[100,103,106,107,109,110,111,112,113,114,116,117,118,119]
[0,4]-[80,81,84,86,88,90,91,96,97]
[0,4]-[121,122,123,124,125,127,131,132,133,135,138,139]
[0,4]-[182,183,188,191,192,194,195,196]
[2,5,9]-[40,41,42,43,44,47,48,52,56,57,58,59]
[5,8]-[20,22,24,25,26,27,28,31,33,36,37,38]
[5,8]-[40,41,42,43,44,47,48,49,52,53,55,56,57,58,59]
[5,8]-[80,82,85,88,89,91,92,93,94,95,96,97,98]
[5,8]-[0,2,4,6,7,8,9,11,12,13,14,15,18]
[5,8]-[180,181,182,183,185,187,190,194,196,197,199]
[5,8]-[140,145,147,149,150,151,153,155,156,158,159]
[1,2,8]-[81,85,87,88,89,91,92,93,94,96,97]
[2,5,8]-[41,42,43,44,47,48,49,52,53,55,56,57,58,59]
[2,5,8]-[91]
[3,4]-[0,1,3,4,7,8,10,13,15,16,18,19]
[3,4]-[100,102,103,104,105,106,107,108,109,110,111,112,114,115,116,117,118,119]
[3,4]-[121,123,124,125,126,127,128,129,130,131,132,133,134,135,136,137,138,139]
[3,4]-[22,23,25,26,28,29,30,31,33,35,37,38]
[3,4]-[140,143,145,148,149,150,151,154,156,157,158]
[2,6]-[40,42,45,46,47,48,49,50,52,53,54,55,56,57,58,59]
[2,6]-[80,81,82,83,86,87,88,90,92,93,94,96,97,98,99]
[3,4,9]-[126,127,130,131,132,133,134,135,136,137,138,139]
[4,5]-[121,123,124,126,127,128,129,130,132,133,134,139]
[4,5]-[80,82,84,85,86,88,90,91,93,95,96,97,98,99]
[4,5]-[100,102,103,104,105,106,107,109,112,115,118]
[4,5]-[40,41,42,43,44,47,49,52,55,59]
[4,5]-[140,141,143,144,145,147,148,149,150,151,152,153,154,156,158,159]
[7,8,9]-[0,1,2,3,6,8,10,11,12,14,16,18]
[0,9]-[80,81,84,86,88,89,90,91,92,93,96,97]
[0,9]-[40,41,44,47,49,51,53,54,55,56,58,59]
[0,9]-[2,3,5,6,7,8,10,12,13,14,16,17,18,19]
[0,9]-[160,161,163,165,170,171,175,176,178,179]
[0,9]-[182,192,197]
[0,5,8]-[20,21,22,24,26,27,28,31,33,36,37,38]
[3,8]-[120,121,125,126,128,129,131,132,133,134,139]
[3,8]-[22,24,25,26,27,28,30,33,35,36,37,38]
[3,8]-[0,3,4,7,8,9,10,12,13,15,16,18]
[4,7]-[0,1,2,3,4,5,7,8,10,11,14,15,16,18,19]
[4,7]-[81,85,86,87,88,90,91,95,97]
[4,7]-[100,103,104,106,107,108,109,113,115,116,117,118,119]
[0,2,9]-[40,41,44,49,51,54,56,58,59]
[0,2,9]-[80,81,86,89,90,91,92,93,96]
[2,5]-[80,82,83,85,86,88,89,90,91,92,93,94,96,97,98]
[2,5]-[40,41,42,43,44,45,46,47,48,49,50,51,52,53,55,56,57,58,59]
[2,5]-[160,161,163,164,165,166,168,169,170,171,175,176,177,179]
[4,9]-[40,41,42,43,44,45,46,47,49,52,54,55,58,59]
[4,9]-[100,102,103,105,107,108,111,115,116,117]
[4,9]-[160,161,163,165,166,168,171,173,175,176,178,179]
[4,9]-[122,126,127,128,130,131,132,133,134,135,136,137,138,139]
[4,9]-[80,81,82,83,84,86,87,88,90,91,93,95,96,97,98,99]
[4,9]-[0,1,2,5,7,8,10,11,13,14,15,16,18,19]
[2,7]-[80,81,83,85,86,87,88,89,90,91,92,93,94,97,98,99]
[2,7]-[40,43,44,45,46,47,48,49,50,52,53,54,55,56,57,58,59]
[2,7]-[160,161,162,163,165,166,167,168,169,170,171,172,173,174,175,176,177,179]
[2,4,9]-[161,165,166,167,168,170,173,175,176,179]
[2,4,9]-[130,132,133,134,135,136,138,139]
[2,4,9]-[80,81,86,90,91,93,96,97,99]
[2,7,9]-[160,161,163,165,166,167,168,169,170,171,172,173,176,179]
[2,7,8]-[161,166,167,168,170,173,176,179]
[0,5]-[20,21,22,23,24,26,27,28,29,30,31,33,35,36,37,38,39]
[0,5]-[160,161,163,164,169,170,171,175,176,177,178,179]
[0,5]-[140,141,143,145,147,148,149,150,153,154,155,156,158,159]
[0,5]-[40,41,44,47,49,53,55,56,58,59]
[0,5]-[80,84,88,90,91,92,93,94,96,97]
[4,6]-[100,102,103,104,105,106,107,108,111,112,113,115,116,117,119]
[4,6]-[0,1,5,7,10,11,13,14,15,18,19]
[4,6]-[121,122,123,124,125,126,127,128,129,130,131,132,133,134,135,136,137,138,139]
[4,6]-[80,81,82,84,86,87,88,90,93,95,96,99]
[4,6]-[181,182,183,185,186,191,192,193,194,195,198]
[4,6]-[22,23,25,26,29,30,31,33,37]
[4,6]-[62,64,65,66,67,68,69,71,72,73,74,77,79]
[4,8,9]-[0,1,2,3,7,8,10,11,13,14,15,16,18]
[0,6]-[21,22,23,24,26,27,29,30,31,32,33,37,38,39]
[0,6]-[100,101,103,106,107,111,112,113,117,119]
[0,6]-[161,163,167,169,170,171,177,178,179]
[0,6]-[80,81,84,86,88,90,92,93,94,96]
[2,9]-[40,41,42,43,44,45,47,48,49,51,52,53,54,55,56,57,58,59]
[2,9]-[80,81,83,86,87,88,89,90,91,92,93,96,97,99]
[2,9]-[160,161,162,163,164,165,166,167,168,169,170,171,172,173,174,175,176,179]
