[566,0,0,0,0,0,0]-[0,530688,0,0,0,0,0,0,0,0,0,0,0,0,0,0,0,0,0,0,0,0,0,0,0,0,0,0,0,0,0,0]
[464,0,0,0,0,0,0]-[0,0,8325,134400,0,0,0,0,0,0,0,0,0,0,0,0,0,0,0,0,0,0,0,0,0,0,0,0,0,0,0,0]
[570,0,0,0,0,0,0]-[0,0,0,3221225472,2445,0,0,0,0,0,0,0,0,0,0,0,0,0,0,0,0,0,0,0,0,0,0,0,0,0,0,0]
[467,0,0,0,0,0,0]-[0,0,0,2348810240,813761536,0,0,0,0,0,0,0,0,0,0,0,0,0,0,0,0,0,0,0,0,0,0,0,0,0,0,0]
[903,0,0,0,0,0,0]-[869832,0,973733888,0,0,2822766592,145,0,0,0,0,0,0,0,0,0,0,0,0,0,0,0,0,0,0,0,0,0,0,0,0,0]
[174,0,0,0,0,0,0]-[0,0,101187584,4,0,0,0,0,0,0,0,0,0,0,0,0,0,0,0,0,0,0,0,0,0,0,0,0,0,0,0,0]
[235,0,0,0,0,0,0]-[0,0,5188,0,0,0,0,0,0,0,0,0,0,0,0,0,0,0,0,0,0,0,0,0,0,0,0,0,0,0,0,0]
[252,0,0,0,0,0,0]-[0,0,0,8390416,0,0,0,0,0,0,0,0,0,0,0,0,0,0,0,0,0,0,0,0,0,0,0,0,0,0,0,0]
[443,0,0,0,0,0,0]-[2214592512,10,0,0,0,0,0,0,0,0,0,0,0,0,0,0,0,0,0,0,0,0,0,0,0,0,0,0,0,0,0,0]
[291,0,0,0,0,0,0]-[0,0,0,0,0,3355443200,38,0,0,0,0,0,0,0,0,0,0,0,0,0,0,0,0,0,0,0,0,0,0,0,0,0]
[920,0,0,0,0,0,0]-[66184,0,0,0,0,0,0,0,0,0,0,0,0,0,0,0,0,0,0,0,0,0,0,0,0,0,0,0,0,0,0,0]
[682,0,0,0,0,0,0]-[0,0,0,2164260864,3329,0,0,0,0,0,0,0,0,0,0,0,0,0,0,0,0,0,0,0,0,0,0,0,0,0,0,0]
[377,0,0,0,0,0,0]-[0,0,0,0,4061278208,0,0,0,0,0,0,0,0,0,0,0,0,0,0,0,0,0,0,0,0,0,0,0,0,0,0,0]
[967,0,0,0,0,0,0]-[0,23076864,0,0,0,0,0,0,0,0,0,0,0,0,0,0,0,0,0,0,0,0,0,0,0,0,0,0,0,0,0,0]
[645,0,0,0,0,0,0]-[0,34083072,0,0,2281979904,41473,0,0,0,0,0,0,0,0,0,0,0,0,0,0,0,0,0,0,0,0,0,0,0,0,0,0]
[852,0,0,0,0,0,0]-[0,0,25493504,0,0,0,0,0,0,0,0,0,0,0,0,0,0,0,0,0,0,0,0,0,0,0,0,0,0,0,0,0]
[956,0,0,0,0,0,0]-[270354,33592320,319029248,2,0,0,0,0,0,0,0,0,0,0,0,0,0,0,0,0,0,0,0,0,0,0,0,0,0,0,0,0]
[208,0,0,0,0,0,0]-[0,0,0,201326592,528,0,0,0,0,0,0,0,0,0,0,0,0,0,0,0,0,0,0,0,0,0,0,0,0,0,0,0]
[994,0,0,0,0,0,0]-[919872,0,0,0,0,0,0,0,0,0,0,0,0,0,0,0,0,0,0,0,0,0,0,0,0,0,0,0,0,0,0,0]
[257,0,0,0,0,0,0]-[0,0,0,0,2147815424,0,0,0,0,0,0,0,0,0,0,0,0,0,0,0,0,0,0,0,0,0,0,0,0,0,0,0]
[611,0,0,0,0,0,0]-[0,0,0,0,0,944766976,0,0,0,0,0,0,0,0,0,0,0,0,0,0,0,0,0,0,0,0,0,0,0,0,0,0]
[51,0,0,0,0,0,0]-[2097152,11,0,0,0,813694976,4,0,0,0,0,0,0,0,0,0,0,0,0,0,0,0,0,0,0,0,0,0,0,0,0,0]
[380,0,0,0,0,0,0]-[0,0,1212416000,10748160,0,0,0,0,0,0,0,0,0,0,0,0,0,0,0,0,0,0,0,0,0,0,0,0,0,0,0,0]
[34,0,0,0,0,0,0]-[0,0,0,0,270811136,0,0,0,0,0,0,0,0,0,0,0,0,0,0,0,0,0,0,0,0,0,0,0,0,0,0,0]
[649,0,0,0,0,0,0]-[655632,0,0,1056816,0,0,0,0,0,0,0,0,0,0,0,0,0,0,0,0,0,0,0,0,0,0,0,0,0,0,0,0]
[606,0,0,0,0,0,0]-[0,73960448,0,1680867904,404,0,0,0,0,0,0,0,0,0,0,0,0,0,0,0,0,0,0,0,0,0,0,0,0,0,0,0]
[984,0,0,0,0,0,0]-[262666,0,0,0,0,0,0,0,0,0,0,0,0,0,0,0,0,0,0,0,0,0,0,0,0,0,0,0,0,0,0,0]
[290,0,0,0,0,0,0]-[0,0,0,0,0,184549376,164,0,0,0,0,0,0,0,0,0,0,0,0,0,0,0,0,0,0,0,0,0,0,0,0,0]
[450,0,0,0,0,0,0]-[0,0,0,0,0,83886080,40,0,0,0,0,0,0,0,0,0,0,0,0,0,0,0,0,0,0,0,0,0,0,0,0,0]
[437,0,0,0,0,0,0]-[0,0,178585600,4,0,0,0,0,0,0,0,0,0,0,0,0,0,0,0,0,0,0,0,0,0,0,0,0,0,0,0,0]
[444,0,0,0,0,0,0]-[0,0,278939784,4,0,0,0,0,0,0,0,0,0,0,0,0,0,0,0,0,0,0,0,0,0,0,0,0,0,0,0,0]
[965,0,0,0,0,0,0]-[348160,14745600,0,0,0,0,0,0,0,0,0,0,0,0,0,0,0,0,0,0,0,0,0,0,0,0,0,0,0,0,0,0]
[125,0,0,0,0,0,0]-[0,0,0,87600,1079017472,0,0,0,0,0,0,0,0,0,0,0,0,0,0,0,0,0,0,0,0,0,0,0,0,0,0,0]
[919,0,0,0,0,0,0]-[0,0,679608320,0,0,41090,0,0,0,0,0,0,0,0,0,0,0,0,0,0,0,0,0,0,0,0,0,0,0,0,0,0]
[121,0,0,0,0,0,0]-[75497472,42,0,0,4065370112,674234368,0,0,0,0,0,0,0,0,0,0,0,0,0,0,0,0,0,0,0,0,0,0,0,0,0,0]
[202,0,0,0,0,0,0]-[0,0,0,98848,0,0,0,0,0,0,0,0,0,0,0,0,0,0,0,0,0,0,0,0,0,0,0,0,0,0,0,0]
[263,0,0,0,0,0,0]-[304087040,128,0,0,0,3892314112,0,0,0,0,0,0,0,0,0,0,0,0,0,0,0,0,0,0,0,0,0,0,0,0,0,0]
[236,0,0,0,0,0,0]-[16777216,145100852,0,0,0,0,0,0,0,0,0,0,0,0,0,0,0,0,0,0,0,0,0,0,0,0,0,0,0,0,0,0]
[462,0,0,0,0,0,0]-[0,0,0,133408,0,0,0,0,0,0,0,0,0,0,0,0,0,0,0,0,0,0,0,0,0,0,0,0,0,0,0,0]
[430,0,0,0,0,0,0]-[0,0,0,0,0,1095761920,128,0,0,0,0,0,0,0,0,0,0,0,0,0,0,0,0,0,0,0,0,0,0,0,0,0]
[1014,0,0,0,0,0,0]-[567296,149949440,0,0,0,0,0,0,0,0,0,0,0,0,0,0,0,0,0,0,0,0,0,0,0,0,0,0,0,0,0,0]
[229,0,0,0,0,0,0]-[0,0,0,0,1375748096,0,0,0,0,0,0,0,0,0,0,0,0,0,0,0,0,0,0,0,0,0,0,0,0,0,0,0]
[553,0,0,0,0,0,0]-[0,0,0,0,0,541335632,3,0,0,0,0,0,0,0,0,0,0,0,0,0,0,0,0,0,0,0,0,0,0,0,0,0]
[455,0,0,0,0,0,0]-[0,0,1224867840,0,0,0,0,0,0,0,0,0,0,0,0,0,0,0,0,0,0,0,0,0,0,0,0,0,0,0,0,0]
[273,0,0,0,0,0,0]-[0,0,0,167772160,160,0,0,0,0,0,0,0,0,0,0,0,0,0,0,0,0,0,0,0,0,0,0,0,0,0,0,0]
[234,0,0,0,0,0,0]-[0,0,3356491776,0,0,0,0,0,0,0,0,0,0,0,0,0,0,0,0,0,0,0,0,0,0,0,0,0,0,0,0,0]
[155,0,0,0,0,0,0]-[0,0,0,0,268738560,0,0,0,0,0,0,0,0,0,0,0,0,0,0,0,0,0,0,0,0,0,0,0,0,0,0,0]
[461,0,0,0,0,0,0]-[0,0,0,558112,0,0,0,0,0,0,0,0,0,0,0,0,0,0,0,0,0,0,0,0,0,0,0,0,0,0,0,0]
[769,0,0,0,0,0,0]-[0,0,0,0,0,2684354560,66,0,0,0,0,0,0,0,0,0,0,0,0,0,0,0,0,0,0,0,0,0,0,0,0,0]
[67,0,0,0,0,0,0]-[0,2147483648,8198,0,0,0,0,0,0,0,0,0,0,0,0,0,0,0,0,0,0,0,0,0,0,0,0,0,0,0,0,0]
[127,0,0,0,0,0,0]-[0,0,0,0,675315712,0,0,0,0,0,0,0,0,0,0,0,0,0,0,0,0,0,0,0,0,0,0,0,0,0,0,0]
[686,0,0,0,0,0,0]-[0,17318144,2182610944,2231369728,517,0,0,0,0,0,0,0,0,0,0,0,0,0,0,0,0,0,0,0,0,0,0,0,0,0,0,0]
[898,0,0,0,0,0,0]-[427466,0,2550267904,0,0,2685403136,16,0,0,0,0,0,0,0,0,0,0,0,0,0,0,0,0,0,0,0,0,0,0,0,0,0]
[793,0,0,0,0,0,0]-[0,0,0,10526848,0,0,0,0,0,0,0,0,0,0,0,0,0,0,0,0,0,0,0,0,0,0,0,0,0,0,0,0]
[551,0,0,0,0,0,0]-[0,0,0,0,0,272629760,132,0,0,0,0,0,0,0,0,0,0,0,0,0,0,0,0,0,0,0,0,0,0,0,0,0]
[386,0,0,0,0,0,0]-[0,0,0,0,0,2701131776,16,0,0,0,0,0,0,0,0,0,0,0,0,0,0,0,0,0,0,0,0,0,0,0,0,0]
[971,0,0,0,0,0,0]-[132360,0,0,0,0,0,0,0,0,0,0,0,0,0,0,0,0,0,0,0,0,0,0,0,0,0,0,0,0,0,0,0]
[864,0,0,0,0,0,0]-[182272,0,0,0,0,0,0,0,0,0,0,0,0,0,0,0,0,0,0,0,0,0,0,0,0,0,0,0,0,0,0,0]
[399,0,0,0,0,0,0]-[0,0,0,4325536,0,0,0,0,0,0,0,0,0,0,0,0,0,0,0,0,0,0,0,0,0,0,0,0,0,0,0,0]
[590,0,0,0,0,0,0]-[0,0,0,1627389952,1024,0,0,0,0,0,0,0,0,0,0,0,0,0,0,0,0,0,0,0,0,0,0,0,0,0,0,0]
[778,0,0,0,0,0,0]-[0,0,0,0,0,557842432,64,0,0,0,0,0,0,0,0,0,0,0,0,0,0,0,0,0,0,0,0,0,0,0,0,0]
[311,0,0,0,0,0,0]-[606076928,41,0,0,0,0,0,0,0,0,0,0,0,0,0,0,0,0,0,0,0,0,0,0,0,0,0,0,0,0,0,0]
[163,0,0,0,0,0,0]-[0,0,0,0,0,2428502016,210,0,0,0,0,0,0,0,0,0,0,0,0,0,0,0,0,0,0,0,0,0,0,0,0,0]
[987,0,0,0,0,0,0]-[828808,0,0,11585664,0,0,0,0,0,0,0,0,0,0,0,0,0,0,0,0,0,0,0,0,0,0,0,0,0,0,0,0]
[775,0,0,0,0,0,0]-[0,21168896,0,0,0,0,0,0,0,0,0,0,0,0,0,0,0,0,0,0,0,0,0,0,0,0,0,0,0,0,0,0]
[508,0,0,0,0,0,0]-[0,0,408,0,0,0,0,0,0,0,0,0,0,0,0,0,0,0,0,0,0,0,0,0,0,0,0,0,0,0,0,0]
[792,0,0,0,0,0,0]-[131650,0,0,2449473536,889262336,0,0,0,0,0,0,0,0,0,0,0,0,0,0,0,0,0,0,0,0,0,0,0,0,0,0,0]
[730,0,0,0,0,0,0]-[655371,0,0,2281701376,1025,0,0,0,0,0,0,0,0,0,0,0,0,0,0,0,0,0,0,0,0,0,0,0,0,0,0,0]
[114,0,0,0,0,0,0]-[0,0,0,659968,0,0,0,0,0,0,0,0,0,0,0,0,0,0,0,0,0,0,0,0,0,0,0,0,0,0,0,0]
[206,0,0,0,0,0,0]-[0,0,0,2162976,0,0,0,0,0,0,0,0,0,0,0,0,0,0,0,0,0,0,0,0,0,0,0,0,0,0,0,0]
[846,0,0,0,0,0,0]-[0,2147483648,67,0,0,0,0,0,0,0,0,0,0,0,0,0,0,0,0,0,0,0,0,0,0,0,0,0,0,0,0,0]
[294,0,0,0,0,0,0]-[0,0,0,0,0,17825792,132,0,0,0,0,0,0,0,0,0,0,0,0,0,0,0,0,0,0,0,0,0,0,0,0,0]
[84,0,0,0,0,0,0]-[0,0,0,469762048,840,0,0,0,0,0,0,0,0,0,0,0,0,0,0,0,0,0,0,0,0,0,0,0,0,0,0,0]
[250,0,0,0,0,0,0]-[1811939328,38,0,1147392,0,0,0,0,0,0,0,0,0,0,0,0,0,0,0,0,0,0,0,0,0,0,0,0,0,0,0,0]
[798,0,0,0,0,0,0]-[74753,0,0,0,0,0,0,0,0,0,0,0,0,0,0,0,0,0,0,0,0,0,0,0,0,0,0,0,0,0,0,0]
[495,0,0,0,0,0,0]-[0,0,1879638016,2,0,0,0,0,0,0,0,0,0,0,0,0,0,0,0,0,0,0,0,0,0,0,0,0,0,0,0,0]
[71,0,0,0,0,0,0]-[0,0,0,0,6340608,0,0,0,0,0,0,0,0,0,0,0,0,0,0,0,0,0,0,0,0,0,0,0,0,0,0,0]
[817,0,0,0,0,0,0]-[0,0,0,0,0,536870912,86,0,0,0,0,0,0,0,0,0,0,0,0,0,0,0,0,0,0,0,0,0,0,0,0,0]
[207,0,0,0,0,0,0]-[0,0,1149763584,8536096,0,0,0,0,0,0,0,0,0,0,0,0,0,0,0,0,0,0,0,0,0,0,0,0,0,0,0,0]
[970,0,0,0,0,0,0]-[525184,0,0,0,0,0,0,0,0,0,0,0,0,0,0,0,0,0,0,0,0,0,0,0,0,0,0,0,0,0,0,0]
[404,0,0,0,0,0,0]-[0,0,0,2236672,0,0,0,0,0,0,0,0,0,0,0,0,0,0,0,0,0,0,0,0,0,0,0,0,0,0,0,0]
[909,0,0,0,0,0,0]-[0,0,0,0,0,41474,0,0,0,0,0,0,0,0,0,0,0,0,0,0,0,0,0,0,0,0,0,0,0,0,0,0]
[385,0,0,0,0,0,0]-[0,0,0,0,2449735680,0,0,0,0,0,0,0,0,0,0,0,0,0,0,0,0,0,0,0,0,0,0,0,0,0,0,0]
[568,0,0,0,0,0,0]-[0,0,0,3523215360,85068644,0,0,0,0,0,0,0,0,0,0,0,0,0,0,0,0,0,0,0,0,0,0,0,0,0,0,0]
[598,0,0,0,0,0,0]-[198657,148375552,25690112,8,0,40965,0,0,0,0,0,0,0,0,0,0,0,0,0,0,0,0,0,0,0,0,0,0,0,0,0,0]
[638,0,0,0,0,0,0]-[536870912,16795044,0,1078989312,152,0,0,0,0,0,0,0,0,0,0,0,0,0,0,0,0,0,0,0,0,0,0,0,0,0,0,0]
[845,0,0,0,0,0,0]-[140800,268435456,16449,0,0,0,0,0,0,0,0,0,0,0,0,0,0,0,0,0,0,0,0,0,0,0,0,0,0,0,0,0]
[947,0,0,0,0,0,0]-[1093664768,2,2818572288,2,0,0,0,0,0,0,0,0,0,0,0,0,0,0,0,0,0,0,0,0,0,0,0,0,0,0,0,0]
[943,0,0,0,0,0,0]-[0,0,839385088,2,0,0,0,0,0,0,0,0,0,0,0,0,0,0,0,0,0,0,0,0,0,0,0,0,0,0,0,0]
[829,0,0,0,0,0,0]-[0,60953088,0,0,0,0,0,0,0,0,0,0,0,0,0,0,0,0,0,0,0,0,0,0,0,0,0,0,0,0,0,0]
[44,0,0,0,0,0,0]-[0,67375616,0,0,155222016,572522496,128,0,0,0,0,0,0,0,0,0,0,0,0,0,0,0,0,0,0,0,0,0,0,0,0,0]
[550,0,0,0,0,0,0]-[0,19488256,0,0,0,0,0,0,0,0,0,0,0,0,0,0,0,0,0,0,0,0,0,0,0,0,0,0,0,0,0,0]
[949,0,0,0,0,0,0]-[0,79736832,134348800,6,0,74816,0,0,0,0,0,0,0,0,0,0,0,0,0,0,0,0,0,0,0,0,0,0,0,0,0,0]
[843,0,0,0,0,0,0]-[208896,0,0,34976,0,0,0,0,0,0,0,0,0,0,0,0,0,0,0,0,0,0,0,0,0,0,0,0,0,0,0,0]
[483,0,0,0,0,0,0]-[0,0,0,0,0,562036736,16,0,0,0,0,0,0,0,0,0,0,0,0,0,0,0,0,0,0,0,0,0,0,0,0,0]
[618,0,0,0,0,0,0]-[537526848,166,0,0,0,0,0,0,0,0,0,0,0,0,0,0,0,0,0,0,0,0,0,0,0,0,0,0,0,0,0,0]
[809,0,0,0,0,0,0]-[1095761920,0,0,0,0,0,0,0,0,0,0,0,0,0,0,0,0,0,0,0,0,0,0,0,0,0,0,0,0,0,0,0]
[11,0,0,0,0,0,0]-[0,0,0,0,0,1073741824,232,0,0,0,0,0,0,0,0,0,0,0,0,0,0,0,0,0,0,0,0,0,0,0,0,0]
[964,0,0,0,0,0,0]-[0,107290624,0,0,0,0,0,0,0,0,0,0,0,0,0,0,0,0,0,0,0,0,0,0,0,0,0,0,0,0,0,0]
[237,0,0,0,0,0,0]-[0,0,0,66608,2281738240,0,0,0,0,0,0,0,0,0,0,0,0,0,0,0,0,0,0,0,0,0,0,0,0,0,0,0]
[316,0,0,0,0,0,0]-[0,0,18444,0,0,0,0,0,0,0,0,0,0,0,0,0,0,0,0,0,0,0,0,0,0,0,0,0,0,0,0,0]
[352,0,0,0,0,0,0]-[0,0,0,0,1073958912,0,0,0,0,0,0,0,0,0,0,0,0,0,0,0,0,0,0,0,0,0,0,0,0,0,0,0]
[540,0,0,0,0,0,0]-[0,0,0,1342177280,2176,0,0,0,0,0,0,0,0,0,0,0,0,0,0,0,0,0,0,0,0,0,0,0,0,0,0,0]
[636,0,0,0,0,0,0]-[0,76375040,0,1476395008,3967,0,0,0,0,0,0,0,0,0,0,0,0,0,0,0,0,0,0,0,0,0,0,0,0,0,0,0]
[118,0,0,0,0,0,0]-[0,0,0,1184320,0,0,0,0,0,0,0,0,0,0,0,0,0,0,0,0,0,0,0,0,0,0,0,0,0,0,0,0]
[711,0,0,0,0,0,0]-[0,21118976,277479424,0,0,0,0,0,0,0,0,0,0,0,0,0,0,0,0,0,0,0,0,0,0,0,0,0,0,0,0,0]
[106,0,0,0,0,0,0]-[656408576,70,5192,0,0,0,0,0,0,0,0,0,0,0,0,0,0,0,0,0,0,0,0,0,0,0,0,0,0,0,0,0]
[587,0,0,0,0,0,0]-[458784,2147483648,322,2684354560,1152,2415919104,124,0,0,0,0,0,0,0,0,0,0,0,0,0,0,0,0,0,0,0,0,0,0,0,0,0]
[803,0,0,0,0,0,0]-[0,0,0,0,0,2281701376,180,0,0,0,0,0,0,0,0,0,0,0,0,0,0,0,0,0,0,0,0,0,0,0,0,0]
[717,0,0,0,0,0,0]-[289406976,1,0,0,2148155392,0,0,0,0,0,0,0,0,0,0,0,0,0,0,0,0,0,0,0,0,0,0,0,0,0,0,0]
[912,0,0,0,0,0,0]-[66694,0,43253760,0,0,0,0,0,0,0,0,0,0,0,0,0,0,0,0,0,0,0,0,0,0,0,0,0,0,0,0,0]
[189,0,0,0,0,0,0]-[0,0,37748736,6,0,0,0,0,0,0,0,0,0,0,0,0,0,0,0,0,0,0,0,0,0,0,0,0,0,0,0,0]
[348,0,0,0,0,0,0]-[164354,0,1235,940868864,555876608,0,0,0,0,0,0,0,0,0,0,0,0,0,0,0,0,0,0,0,0,0,0,0,0,0,0,0]
[617,0,0,0,0,0,0]-[0,0,0,0,2282754048,262226,0,0,0,0,0,0,0,0,0,0,0,0,0,0,0,0,0,0,0,0,0,0,0,0,0,0]
[760,0,0,0,0,0,0]-[0,0,2160132096,1325400064,1621,0,0,0,0,0,0,0,0,0,0,0,0,0,0,0,0,0,0,0,0,0,0,0,0,0,0,0]
[488,0,0,0,0,0,0]-[117440512,34,0,0,0,0,0,0,0,0,0,0,0,0,0,0,0,0,0,0,0,0,0,0,0,0,0,0,0,0,0,0]
[400,0,0,0,0,0,0]-[83984,0,0,0,0,0,0,0,0,0,0,0,0,0,0,0,0,0,0,0,0,0,0,0,0,0,0,0,0,0,0,0]
[271,0,0,0,0,0,0]-[2432696320,72,0,0,0,0,0,0,0,0,0,0,0,0,0,0,0,0,0,0,0,0,0,0,0,0,0,0,0,0,0,0]
[111,0,0,0,0,0,0]-[2971664384,64,0,0,0,0,0,0,0,0,0,0,0,0,0,0,0,0,0,0,0,0,0,0,0,0,0,0,0,0,0,0]
[514,0,0,0,0,0,0]-[0,0,0,0,0,805306368,72,0,0,0,0,0,0,0,0,0,0,0,0,0,0,0,0,0,0,0,0,0,0,0,0,0]
[1012,0,0,0,0,0,0]-[542723,0,0,0,0,8513,0,0,0,0,0,0,0,0,0,0,0,0,0,0,0,0,0,0,0,0,0,0,0,0,0,0]
[740,0,0,0,0,0,0]-[0,860160,0,0,0,0,0,0,0,0,0,0,0,0,0,0,0,0,0,0,0,0,0,0,0,0,0,0,0,0,0,0]
[977,0,0,0,0,0,0]-[344068,0,2684485632,4,0,0,0,0,0,0,0,0,0,0,0,0,0,0,0,0,0,0,0,0,0,0,0,0,0,0,0,0]
[883,0,0,0,0,0,0]-[0,0,0,0,0,0,54,0,0,0,0,0,0,0,0,0,0,0,0,0,0,0,0,0,0,0,0,0,0,0,0,0]
[255,0,0,0,0,0,0]-[0,75767808,0,0,0,0,0,0,0,0,0,0,0,0,0,0,0,0,0,0,0,0,0,0,0,0,0,0,0,0,0,0]
[164,0,0,0,0,0,0]-[0,26163200,0,0,0,0,0,0,0,0,0,0,0,0,0,0,0,0,0,0,0,0,0,0,0,0,0,0,0,0,0,0]
[78,0,0,0,0,0,0]-[0,0,0,1761607680,0,0,0,0,0,0,0,0,0,0,0,0,0,0,0,0,0,0,0,0,0,0,0,0,0,0,0,0]
[258,0,0,0,0,0,0]-[0,0,0,0,0,3912237056,128,0,0,0,0,0,0,0,0,0,0,0,0,0,0,0,0,0,0,0,0,0,0,0,0,0]
[555,0,0,0,0,0,0]-[0,0,0,0,0,4194304,196,0,0,0,0,0,0,0,0,0,0,0,0,0,0,0,0,0,0,0,0,0,0,0,0,0]
[346,0,0,0,0,0,0]-[0,268435456,18207,0,0,0,0,0,0,0,0,0,0,0,0,0,0,0,0,0,0,0,0,0,0,0,0,0,0,0,0,0]
[253,0,0,0,0,0,0]-[0,0,0,10503168,2151841792,0,0,0,0,0,0,0,0,0,0,0,0,0,0,0,0,0,0,0,0,0,0,0,0,0,0,0]
[355,0,0,0,0,0,0]-[0,0,0,0,0,1105199104,32,0,0,0,0,0,0,0,0,0,0,0,0,0,0,0,0,0,0,0,0,0,0,0,0,0]
[124,0,0,0,0,0,0]-[0,0,0,1512068672,0,0,0,0,0,0,0,0,0,0,0,0,0,0,0,0,0,0,0,0,0,0,0,0,0,0,0,0]
[499,0,0,0,0,0,0]-[0,0,0,0,0,546308096,16,0,0,0,0,0,0,0,0,0,0,0,0,0,0,0,0,0,0,0,0,0,0,0,0,0]
[932,0,0,0,0,0,0]-[0,0,0,0,0,26625,0,0,0,0,0,0,0,0,0,0,0,0,0,0,0,0,0,0,0,0,0,0,0,0,0,0]
[110,0,0,0,0,0,0]-[554336768,20,0,0,0,0,0,0,0,0,0,0,0,0,0,0,0,0,0,0,0,0,0,0,0,0,0,0,0,0,0,0]
[831,0,0,0,0,0,0]-[0,111162112,0,0,0,0,0,0,0,0,0,0,0,0,0,0,0,0,0,0,0,0,0,0,0,0,0,0,0,0,0,0]
[233,0,0,0,0,0,0]-[0,0,0,50331648,1088,0,0,0,0,0,0,0,0,0,0,0,0,0,0,0,0,0,0,0,0,0,0,0,0,0,0,0]
[318,0,0,0,0,0,0]-[303038464,32,0,0,0,0,0,0,0,0,0,0,0,0,0,0,0,0,0,0,0,0,0,0,0,0,0,0,0,0,0,0]
[941,0,0,0,0,0,0]-[24648,0,0,0,0,0,0,0,0,0,0,0,0,0,0,0,0,0,0,0,0,0,0,0,0,0,0,0,0,0,0,0]
[1010,0,0,0,0,0,0]-[272512,0,2835349504,0,0,0,0,0,0,0,0,0,0,0,0,0,0,0,0,0,0,0,0,0,0,0,0,0,0,0,0,0]
[376,0,0,0,0,0,0]-[0,0,1421,0,1358958592,0,0,0,0,0,0,0,0,0,0,0,0,0,0,0,0,0,0,0,0,0,0,0,0,0,0,0]
[623,0,0,0,0,0,0]-[0,0,0,16777216,152,0,0,0,0,0,0,0,0,0,0,0,0,0,0,0,0,0,0,0,0,0,0,0,0,0,0,0]
[595,0,0,0,0,0,0]-[0,0,0,0,0,2483027968,83,0,0,0,0,0,0,0,0,0,0,0,0,0,0,0,0,0,0,0,0,0,0,0,0,0]
[54,0,0,0,0,0,0]-[839909376,1069568,0,0,0,32775,0,0,0,0,0,0,0,0,0,0,0,0,0,0,0,0,0,0,0,0,0,0,0,0,0,0]
[937,0,0,0,0,0,0]-[0,0,0,2164260864,80,0,0,0,0,0,0,0,0,0,0,0,0,0,0,0,0,0,0,0,0,0,0,0,0,0,0,0]
[227,0,0,0,0,0,0]-[0,0,0,0,0,285212672,17,0,0,0,0,0,0,0,0,0,0,0,0,0,0,0,0,0,0,0,0,0,0,0,0,0]
[86,0,0,0,0,0,0]-[0,0,0,136446576,146,0,0,0,0,0,0,0,0,0,0,0,0,0,0,0,0,0,0,0,0,0,0,0,0,0,0,0]
[704,0,0,0,0,0,0]-[0,4522240,0,0,0,0,0,0,0,0,0,0,0,0,0,0,0,0,0,0,0,0,0,0,0,0,0,0,0,0,0,0]
[304,0,0,0,0,0,0]-[0,1073741824,1216,0,1075118080,0,0,0,0,0,0,0,0,0,0,0,0,0,0,0,0,0,0,0,0,0,0,0,0,0,0,0]
[635,0,0,0,0,0,0]-[1686110208,10,0,0,0,67108864,84,0,0,0,0,0,0,0,0,0,0,0,0,0,0,0,0,0,0,0,0,0,0,0,0,0]
[198,0,0,0,0,0,0]-[0,0,0,655904,0,0,0,0,0,0,0,0,0,0,0,0,0,0,0,0,0,0,0,0,0,0,0,0,0,0,0,0]
[925,0,0,0,0,0,0]-[0,0,0,0,0,565250,0,0,0,0,0,0,0,0,0,0,0,0,0,0,0,0,0,0,0,0,0,0,0,0,0,0]
[1006,0,0,0,0,0,0]-[0,0,2416443392,2,0,541697,0,0,0,0,0,0,0,0,0,0,0,0,0,0,0,0,0,0,0,0,0,0,0,0,0,0]
[26,0,0,0,0,0,0]-[0,0,0,0,270827520,0,0,0,0,0,0,0,0,0,0,0,0,0,0,0,0,0,0,0,0,0,0,0,0,0,0,0]
[490,0,0,0,0,0,0]-[16777216,22,3422552064,10,0,9437184,48,0,0,0,0,0,0,0,0,0,0,0,0,0,0,0,0,0,0,0,0,0,0,0,0,0]
[474,0,0,0,0,0,0]-[0,0,0,3344640,0,0,0,0,0,0,0,0,0,0,0,0,0,0,0,0,0,0,0,0,0,0,0,0,0,0,0,0]
[1023,0,0,0,0,0,0]-[0,58728448,2148073472,2,0,0,0,0,0,0,0,0,0,0,0,0,0,0,0,0,0,0,0,0,0,0,0,0,0,0,0,0]
[249,0,0,0,0,0,0]-[0,0,0,1115152,0,0,0,0,0,0,0,0,0,0,0,0,0,0,0,0,0,0,0,0,0,0,0,0,0,0,0,0]
[296,0,0,0,0,0,0]-[0,0,0,0,1359216640,0,0,0,0,0,0,0,0,0,0,0,0,0,0,0,0,0,0,0,0,0,0,0,0,0,0,0]
[870,0,0,0,0,0,0]-[0,21005312,0,0,0,0,0,0,0,0,0,0,0,0,0,0,0,0,0,0,0,0,0,0,0,0,0,0,0,0,0,0]
[151,0,0,0,0,0,0]-[0,0,0,0,823296,0,0,0,0,0,0,0,0,0,0,0,0,0,0,0,0,0,0,0,0,0,0,0,0,0,0,0]
[525,0,0,0,0,0,0]-[0,0,0,285212672,2176,0,0,0,0,0,0,0,0,0,0,0,0,0,0,0,0,0,0,0,0,0,0,0,0,0,0,0]
[241,0,0,0,0,0,0]-[0,0,0,229392,1073844224,0,0,0,0,0,0,0,0,0,0,0,0,0,0,0,0,0,0,0,0,0,0,0,0,0,0,0]
[719,0,0,0,0,0,0]-[0,50864128,0,11010208,0,0,0,0,0,0,0,0,0,0,0,0,0,0,0,0,0,0,0,0,0,0,0,0,0,0,0,0]
[874,0,0,0,0,0,0]-[0,0,3225681920,0,0,0,0,0,0,0,0,0,0,0,0,0,0,0,0,0,0,0,0,0,0,0,0,0,0,0,0,0]
[619,0,0,0,0,0,0]-[147585,0,0,0,0,268435456,56,0,0,0,0,0,0,0,0,0,0,0,0,0,0,0,0,0,0,0,0,0,0,0,0,0]
[999,0,0,0,0,0,0]-[278720,0,1091043328,2,0,0,0,0,0,0,0,0,0,0,0,0,0,0,0,0,0,0,0,0,0,0,0,0,0,0,0,0]
[165,0,0,0,0,0,0]-[0,67391488,0,0,0,272629760,130,0,0,0,0,0,0,0,0,0,0,0,0,0,0,0,0,0,0,0,0,0,0,0,0,0]
[850,0,0,0,0,0,0]-[0,0,2298478592,8,0,0,0,0,0,0,0,0,0,0,0,0,0,0,0,0,0,0,0,0,0,0,0,0,0,0,0,0]
[81,0,0,0,0,0,0]-[541065216,3,0,0,0,0,0,0,0,0,0,0,0,0,0,0,0,0,0,0,0,0,0,0,0,0,0,0,0,0,0,0]
[325,0,0,0,0,0,0]-[306184192,128,0,0,545406976,0,0,0,0,0,0,0,0,0,0,0,0,0,0,0,0,0,0,0,0,0,0,0,0,0,0,0]
[276,0,0,0,0,0,0]-[0,0,0,0,558366720,0,0,0,0,0,0,0,0,0,0,0,0,0,0,0,0,0,0,0,0,0,0,0,0,0,0,0]
[39,0,0,0,0,0,0]-[556793856,0,0,0,0,1342177280,142,0,0,0,0,0,0,0,0,0,0,0,0,0,0,0,0,0,0,0,0,0,0,0,0,0]
[393,0,0,0,0,0,0]-[589904,0,0,0,0,0,0,0,0,0,0,0,0,0,0,0,0,0,0,0,0,0,0,0,0,0,0,0,0,0,0,0]
[49,0,0,0,0,0,0]-[0,0,0,0,0,967835648,6,0,0,0,0,0,0,0,0,0,0,0,0,0,0,0,0,0,0,0,0,0,0,0,0,0]
[627,0,0,0,0,0,0]-[0,0,0,0,672661504,0,0,0,0,0,0,0,0,0,0,0,0,0,0,0,0,0,0,0,0,0,0,0,0,0,0,0]
[351,0,0,0,0,0,0]-[0,0,0,0,0,70254592,1,0,0,0,0,0,0,0,0,0,0,0,0,0,0,0,0,0,0,0,0,0,0,0,0,0]
[99,0,0,0,0,0,0]-[0,0,0,0,275795968,276824064,98,0,0,0,0,0,0,0,0,0,0,0,0,0,0,0,0,0,0,0,0,0,0,0,0,0]
[968,0,0,0,0,0,0]-[787338,0,0,0,0,0,0,0,0,0,0,0,0,0,0,0,0,0,0,0,0,0,0,0,0,0,0,0,0,0,0,0]
[409,0,0,0,0,0,0]-[540696,0,0,9446528,0,0,0,0,0,0,0,0,0,0,0,0,0,0,0,0,0,0,0,0,0,0,0,0,0,0,0,0]
[107,0,0,0,0,0,0]-[0,0,0,0,0,276824064,36,0,0,0,0,0,0,0,0,0,0,0,0,0,0,0,0,0,0,0,0,0,0,0,0,0]
[50,0,0,0,0,0,0]-[0,172,0,172544,0,0,0,0,0,0,0,0,0,0,0,0,0,0,0,0,0,0,0,0,0,0,0,0,0,0,0,0]
[780,0,0,0,0,0,0]-[0,0,0,0,621019136,0,0,0,0,0,0,0,0,0,0,0,0,0,0,0,0,0,0,0,0,0,0,0,0,0,0,0]
[75,0,0,0,0,0,0]-[0,2415919104,6,0,0,2424307712,32,0,0,0,0,0,0,0,0,0,0,0,0,0,0,0,0,0,0,0,0,0,0,0,0,0]
[136,0,0,0,0,0,0]-[0,0,0,0,25460736,0,0,0,0,0,0,0,0,0,0,0,0,0,0,0,0,0,0,0,0,0,0,0,0,0,0,0]
[869,0,0,0,0,0,0]-[0,0,0,0,1075331072,4194304,98,0,0,0,0,0,0,0,0,0,0,0,0,0,0,0,0,0,0,0,0,0,0,0,0,0]
[811,0,0,0,0,0,0]-[0,0,0,2164260864,2184,675282944,244,0,0,0,0,0,0,0,0,0,0,0,0,0,0,0,0,0,0,0,0,0,0,0,0,0]
[10,0,0,0,0,0,0]-[587202560,8,0,0,0,0,0,0,0,0,0,0,0,0,0,0,0,0,0,0,0,0,0,0,0,0,0,0,0,0,0,0]
[986,0,0,0,0,0,0]-[439434,0,2692743168,11563144,0,0,0,0,0,0,0,0,0,0,0,0,0,0,0,0,0,0,0,0,0,0,0,0,0,0,0,0]
[369,0,0,0,0,0,0]-[0,0,0,0,2992635904,0,0,0,0,0,0,0,0,0,0,0,0,0,0,0,0,0,0,0,0,0,0,0,0,0,0,0]
[820,0,0,0,0,0,0]-[0,46080,185401344,8,0,0,0,0,0,0,0,0,0,0,0,0,0,0,0,0,0,0,0,0,0,0,0,0,0,0,0,0]
[181,0,0,0,0,0,0]-[0,0,54525952,4,0,0,0,0,0,0,0,0,0,0,0,0,0,0,0,0,0,0,0,0,0,0,0,0,0,0,0,0]
[661,0,0,0,0,0,0]-[0,50352128,0,0,0,630785,0,0,0,0,0,0,0,0,0,0,0,0,0,0,0,0,0,0,0,0,0,0,0,0,0,0]
[438,0,0,0,0,0,0]-[0,0,1476395008,8,0,0,0,0,0,0,0,0,0,0,0,0,0,0,0,0,0,0,0,0,0,0,0,0,0,0,0,0]
[370,0,0,0,0,0,0]-[0,0,25608,0,0,152043520,32,0,0,0,0,0,0,0,0,0,0,0,0,0,0,0,0,0,0,0,0,0,0,0,0,0]
[581,0,0,0,0,0,0]-[0,0,0,0,0,4194304,35,0,0,0,0,0,0,0,0,0,0,0,0,0,0,0,0,0,0,0,0,0,0,0,0,0]
[374,0,0,0,0,0,0]-[0,0,0,1212480,0,0,0,0,0,0,0,0,0,0,0,0,0,0,0,0,0,0,0,0,0,0,0,0,0,0,0,0]
[245,0,0,0,0,0,0]-[0,0,0,150994944,2148175968,0,0,0,0,0,0,0,0,0,0,0,0,0,0,0,0,0,0,0,0,0,0,0,0,0,0,0]
[1001,0,0,0,0,0,0]-[0,44040448,0,0,0,0,0,0,0,0,0,0,0,0,0,0,0,0,0,0,0,0,0,0,0,0,0,0,0,0,0,0]
[173,0,0,0,0,0,0]-[0,0,0,184549376,16,0,0,0,0,0,0,0,0,0,0,0,0,0,0,0,0,0,0,0,0,0,0,0,0,0,0,0]
[868,0,0,0,0,0,0]-[0,38798336,0,0,0,0,0,0,0,0,0,0,0,0,0,0,0,0,0,0,0,0,0,0,0,0,0,0,0,0,0,0]
[978,0,0,0,0,0,0]-[929034,0,2156003328,8,0,0,0,0,0,0,0,0,0,0,0,0,0,0,0,0,0,0,0,0,0,0,0,0,0,0,0,0]
[561,0,0,0,0,0,0]-[0,0,0,0,0,537919488,18,0,0,0,0,0,0,0,0,0,0,0,0,0,0,0,0,0,0,0,0,0,0,0,0,0]
[692,0,0,0,0,0,0]-[0,0,134217728,14,0,0,0,0,0,0,0,0,0,0,0,0,0,0,0,0,0,0,0,0,0,0,0,0,0,0,0,0]
[210,0,0,0,0,0,0]-[0,0,0,131472,0,0,0,0,0,0,0,0,0,0,0,0,0,0,0,0,0,0,0,0,0,0,0,0,0,0,0,0]
[166,0,0,0,0,0,0]-[269484032,20,0,0,0,0,0,0,0,0,0,0,0,0,0,0,0,0,0,0,0,0,0,0,0,0,0,0,0,0,0,0]
[709,0,0,0,0,0,0]-[0,176685056,720896,4,2281721856,0,0,0,0,0,0,0,0,0,0,0,0,0,0,0,0,0,0,0,0,0,0,0,0,0,0,0]
[881,0,0,0,0,0,0]-[0,0,0,0,2993750016,0,0,0,0,0,0,0,0,0,0,0,0,0,0,0,0,0,0,0,0,0,0,0,0,0,0,0]
[475,0,0,0,0,0,0]-[1191182336,2,0,147616,0,0,0,0,0,0,0,0,0,0,0,0,0,0,0,0,0,0,0,0,0,0,0,0,0,0,0,0]
[523,0,0,0,0,0,0]-[0,0,0,0,0,0,216,0,0,0,0,0,0,0,0,0,0,0,0,0,0,0,0,0,0,0,0,0,0,0,0,0]
[403,0,0,0,0,0,0]-[0,0,0,0,1074102272,0,0,0,0,0,0,0,0,0,0,0,0,0,0,0,0,0,0,0,0,0,0,0,0,0,0,0]
[884,0,0,0,0,0,0]-[0,0,2433548288,4,21168128,0,0,0,0,0,0,0,0,0,0,0,0,0,0,0,0,0,0,0,0,0,0,0,0,0,0,0]
[357,0,0,0,0,0,0]-[23068672,128,24641,0,0,0,0,0,0,0,0,0,0,0,0,0,0,0,0,0,0,0,0,0,0,0,0,0,0,0,0,0]
[733,0,0,0,0,0,0]-[0,109069312,9109504,0,0,0,0,0,0,0,0,0,0,0,0,0,0,0,0,0,0,0,0,0,0,0,0,0,0,0,0,0]
[765,0,0,0,0,0,0]-[0,77750272,12582912,6,0,0,0,0,0,0,0,0,0,0,0,0,0,0,0,0,0,0,0,0,0,0,0,0,0,0,0,0]
[169,0,0,0,0,0,0]-[0,0,0,0,0,4194304,194,0,0,0,0,0,0,0,0,0,0,0,0,0,0,0,0,0,0,0,0,0,0,0,0,0]
[188,0,0,0,0,0,0]-[0,0,306184192,3394242052,84049936,0,0,0,0,0,0,0,0,0,0,0,0,0,0,0,0,0,0,0,0,0,0,0,0,0,0,0]
[962,0,0,0,0,0,0]-[329792,0,0,0,0,0,0,0,0,0,0,0,0,0,0,0,0,0,0,0,0,0,0,0,0,0,0,0,0,0,0,0]
[285,0,0,0,0,0,0]-[278996112,16,0,0,0,0,0,0,0,0,0,0,0,0,0,0,0,0,0,0,0,0,0,0,0,0,0,0,0,0,0,0]
[493,0,0,0,0,0,0]-[423624704,0,0,0,0,0,0,0,0,0,0,0,0,0,0,0,0,0,0,0,0,0,0,0,0,0,0,0,0,0,0,0]
[615,0,0,0,0,0,0]-[0,0,0,0,0,272629760,36,0,0,0,0,0,0,0,0,0,0,0,0,0,0,0,0,0,0,0,0,0,0,0,0,0]
[429,0,0,0,0,0,0]-[37748736,18,0,2332033024,0,0,0,0,0,0,0,0,0,0,0,0,0,0,0,0,0,0,0,0,0,0,0,0,0,0,0,0]
[589,0,0,0,0,0,0]-[663584,2147483648,16389,285212672,2440,0,0,0,0,0,0,0,0,0,0,0,0,0,0,0,0,0,0,0,0,0,0,0,0,0,0,0]
[338,0,0,0,0,0,0]-[0,1073741824,14,0,0,0,0,0,0,0,0,0,0,0,0,0,0,0,0,0,0,0,0,0,0,0,0,0,0,0,0,0]
[342,0,0,0,0,0,0]-[0,0,1224736768,10616904,0,0,0,0,0,0,0,0,0,0,0,0,0,0,0,0,0,0,0,0,0,0,0,0,0,0,0,0]
[392,0,0,0,0,0,0]-[590352,0,0,0,0,0,0,0,0,0,0,0,0,0,0,0,0,0,0,0,0,0,0,0,0,0,0,0,0,0,0,0]
[184,0,0,0,0,0,0]-[0,0,0,0,25329664,0,0,0,0,0,0,0,0,0,0,0,0,0,0,0,0,0,0,0,0,0,0,0,0,0,0,0]
[791,0,0,0,0,0,0]-[0,138445312,0,0,0,0,0,0,0,0,0,0,0,0,0,0,0,0,0,0,0,0,0,0,0,0,0,0,0,0,0,0]
[901,0,0,0,0,0,0]-[0,0,34275328,0,0,0,0,0,0,0,0,0,0,0,0,0,0,0,0,0,0,0,0,0,0,0,0,0,0,0,0,0]
[654,0,0,0,0,0,0]-[0,0,0,13644320,0,0,0,0,0,0,0,0,0,0,0,0,0,0,0,0,0,0,0,0,0,0,0,0,0,0,0,0]
[140,0,0,0,0,0,0]-[0,50597888,0,0,0,0,0,0,0,0,0,0,0,0,0,0,0,0,0,0,0,0,0,0,0,0,0,0,0,0,0,0]
[547,0,0,0,0,0,0]-[0,0,0,0,0,809500672,156,0,0,0,0,0,0,0,0,0,0,0,0,0,0,0,0,0,0,0,0,0,0,0,0,0]
[562,0,0,0,0,0,0]-[536870912,140,0,0,0,0,0,0,0,0,0,0,0,0,0,0,0,0,0,0,0,0,0,0,0,0,0,0,0,0,0,0]
[674,0,0,0,0,0,0]-[0,0,0,0,0,287744,0,0,0,0,0,0,0,0,0,0,0,0,0,0,0,0,0,0,0,0,0,0,0,0,0,0]
[221,0,0,0,0,0,0]-[0,0,1086390272,2114576,0,0,0,0,0,0,0,0,0,0,0,0,0,0,0,0,0,0,0,0,0,0,0,0,0,0,0,0]
[77,0,0,0,0,0,0]-[293601280,32,0,822083584,256,0,0,0,0,0,0,0,0,0,0,0,0,0,0,0,0,0,0,0,0,0,0,0,0,0,0,0]
[473,0,0,0,0,0,0]-[0,0,0,8424448,0,0,0,0,0,0,0,0,0,0,0,0,0,0,0,0,0,0,0,0,0,0,0,0,0,0,0,0]
[696,0,0,0,0,0,0]-[0,0,2348810240,2181038084,785,0,0,0,0,0,0,0,0,0,0,0,0,0,0,0,0,0,0,0,0,0,0,0,0,0,0,0]
[922,0,0,0,0,0,0]-[0,0,0,2281701376,2304,0,0,0,0,0,0,0,0,0,0,0,0,0,0,0,0,0,0,0,0,0,0,0,0,0,0,0]
[886,0,0,0,0,0,0]-[0,139603712,0,0,0,0,0,0,0,0,0,0,0,0,0,0,0,0,0,0,0,0,0,0,0,0,0,0,0,0,0,0]
[172,0,0,0,0,0,0]-[0,403456,0,4195872,0,0,0,0,0,0,0,0,0,0,0,0,0,0,0,0,0,0,0,0,0,0,0,0,0,0,0,0]
[449,0,0,0,0,0,0]-[280192,0,0,0,0,0,0,0,0,0,0,0,0,0,0,0,0,0,0,0,0,0,0,0,0,0,0,0,0,0,0,0]
[524,0,0,0,0,0,0]-[0,2450129920,16515,0,0,0,0,0,0,0,0,0,0,0,0,0,0,0,0,0,0,0,0,0,0,0,0,0,0,0,0,0]
[74,0,0,0,0,0,0]-[1660944384,28,4110,2684354560,640,0,0,0,0,0,0,0,0,0,0,0,0,0,0,0,0,0,0,0,0,0,0,0,0,0,0,0]
[917,0,0,0,0,0,0]-[0,138555392,151126016,4,0,0,0,0,0,0,0,0,0,0,0,0,0,0,0,0,0,0,0,0,0,0,0,0,0,0,0,0]
[902,0,0,0,0,0,0]-[328003,4275200,704643072,8,0,0,0,0,0,0,0,0,0,0,0,0,0,0,0,0,0,0,0,0,0,0,0,0,0,0,0,0]
[232,0,0,0,0,0,0]-[0,25575680,0,0,0,0,0,0,0,0,0,0,0,0,0,0,0,0,0,0,0,0,0,0,0,0,0,0,0,0,0,0]
[147,0,0,0,0,0,0]-[0,0,0,0,0,402653184,81,0,0,0,0,0,0,0,0,0,0,0,0,0,0,0,0,0,0,0,0,0,0,0,0,0]
[992,0,0,0,0,0,0]-[788994,0,0,0,0,0,0,0,0,0,0,0,0,0,0,0,0,0,0,0,0,0,0,0,0,0,0,0,0,0,0,0]
[715,0,0,0,0,0,0]-[131464,0,0,8423456,0,0,0,0,0,0,0,0,0,0,0,0,0,0,0,0,0,0,0,0,0,0,0,0,0,0,0,0]
[907,0,0,0,0,0,0]-[0,0,0,1056928,0,0,0,0,0,0,0,0,0,0,0,0,0,0,0,0,0,0,0,0,0,0,0,0,0,0,0,0]
[729,0,0,0,0,0,0]-[0,0,0,0,2424324096,0,0,0,0,0,0,0,0,0,0,0,0,0,0,0,0,0,0,0,0,0,0,0,0,0,0,0]
[575,0,0,0,0,0,0]-[0,69919232,0,0,0,0,0,0,0,0,0,0,0,0,0,0,0,0,0,0,0,0,0,0,0,0,0,0,0,0,0,0]
[420,0,0,0,0,0,0]-[0,0,0,0,50724864,0,0,0,0,0,0,0,0,0,0,0,0,0,0,0,0,0,0,0,0,0,0,0,0,0,0,0]
[518,0,0,0,0,0,0]-[0,2684354560,192,0,155729920,13331,0,0,0,0,0,0,0,0,0,0,0,0,0,0,0,0,0,0,0,0,0,0,0,0,0,0]
[282,0,0,0,0,0,0]-[303038464,8,0,0,0,0,0,0,0,0,0,0,0,0,0,0,0,0,0,0,0,0,0,0,0,0,0,0,0,0,0,0]
[675,0,0,0,0,0,0]-[688192,0,0,0,0,0,0,0,0,0,0,0,0,0,0,0,0,0,0,0,0,0,0,0,0,0,0,0,0,0,0,0]
[470,0,0,0,0,0,0]-[0,0,0,12720384,0,0,0,0,0,0,0,0,0,0,0,0,0,0,0,0,0,0,0,0,0,0,0,0,0,0,0,0]
[280,0,0,0,0,0,0]-[0,0,16770,33554432,386,0,0,0,0,0,0,0,0,0,0,0,0,0,0,0,0,0,0,0,0,0,0,0,0,0,0,0]
[141,0,0,0,0,0,0]-[0,0,0,8397856,2281996288,0,0,0,0,0,0,0,0,0,0,0,0,0,0,0,0,0,0,0,0,0,0,0,0,0,0,0]
[418,0,0,0,0,0,0]-[0,0,0,0,0,51380224,160,0,0,0,0,0,0,0,0,0,0,0,0,0,0,0,0,0,0,0,0,0,0,0,0,0]
[579,0,0,0,0,0,0]-[148481,2684354560,68,0,0,2415919104,34,0,0,0,0,0,0,0,0,0,0,0,0,0,0,0,0,0,0,0,0,0,0,0,0,0]
[301,0,0,0,0,0,0]-[89128960,8,0,0,0,0,0,0,0,0,0,0,0,0,0,0,0,0,0,0,0,0,0,0,0,0,0,0,0,0,0,0]
[596,0,0,0,0,0,0]-[0,0,0,134217728,322,0,0,0,0,0,0,0,0,0,0,0,0,0,0,0,0,0,0,0,0,0,0,0,0,0,0,0]
[940,0,0,0,0,0,0]-[0,0,34144256,8,0,0,0,0,0,0,0,0,0,0,0,0,0,0,0,0,0,0,0,0,0,0,0,0,0,0,0,0]
[431,0,0,0,0,0,0]-[421527552,0,0,0,0,0,0,0,0,0,0,0,0,0,0,0,0,0,0,0,0,0,0,0,0,0,0,0,0,0,0,0]
[806,0,0,0,0,0,0]-[0,16850432,0,0,0,24851,0,0,0,0,0,0,0,0,0,0,0,0,0,0,0,0,0,0,0,0,0,0,0,0,0,0]
[35,0,0,0,0,0,0]-[0,0,0,0,0,136314880,182,0,0,0,0,0,0,0,0,0,0,0,0,0,0,0,0,0,0,0,0,0,0,0,0,0]
[1018,0,0,0,0,0,0]-[549003,0,0,0,0,0,0,0,0,0,0,0,0,0,0,0,0,0,0,0,0,0,0,0,0,0,0,0,0,0,0,0]
[212,0,0,0,0,0,0]-[0,0,0,656896,0,0,0,0,0,0,0,0,0,0,0,0,0,0,0,0,0,0,0,0,0,0,0,0,0,0,0,0]
[546,0,0,0,0,0,0]-[1140850688,142,0,0,151064576,536870912,25,0,0,0,0,0,0,0,0,0,0,0,0,0,0,0,0,0,0,0,0,0,0,0,0,0]
[825,0,0,0,0,0,0]-[0,0,2149842944,4,0,0,0,0,0,0,0,0,0,0,0,0,0,0,0,0,0,0,0,0,0,0,0,0,0,0,0,0]
[604,0,0,0,0,0,0]-[0,33883136,0,1560281088,3551,0,0,0,0,0,0,0,0,0,0,0,0,0,0,0,0,0,0,0,0,0,0,0,0,0,0,0]
[828,0,0,0,0,0,0]-[0,125908736,0,0,17500576,0,0,0,0,0,0,0,0,0,0,0,0,0,0,0,0,0,0,0,0,0,0,0,0,0,0,0]
[139,0,0,0,0,0,0]-[0,0,0,0,0,1207959552,65,0,0,0,0,0,0,0,0,0,0,0,0,0,0,0,0,0,0,0,0,0,0,0,0,0]
[15,0,0,0,0,0,0]-[293601280,8,0,0,0,0,0,0,0,0,0,0,0,0,0,0,0,0,0,0,0,0,0,0,0,0,0,0,0,0,0,0]
[753,0,0,0,0,0,0]-[0,0,0,2550136832,80,0,0,0,0,0,0,0,0,0,0,0,0,0,0,0,0,0,0,0,0,0,0,0,0,0,0,0]
[805,0,0,0,0,0,0]-[0,0,0,0,0,11280,0,0,0,0,0,0,0,0,0,0,0,0,0,0,0,0,0,0,0,0,0,0,0,0,0,0]
[283,0,0,0,0,0,0]-[196632,0,0,0,0,0,0,0,0,0,0,0,0,0,0,0,0,0,0,0,0,0,0,0,0,0,0,0,0,0,0,0]
[888,0,0,0,0,0,0]-[0,0,2148270080,8,2202144768,0,0,0,0,0,0,0,0,0,0,0,0,0,0,0,0,0,0,0,0,0,0,0,0,0,0,0]
[890,0,0,0,0,0,0]-[0,0,0,1609728,0,0,0,0,0,0,0,0,0,0,0,0,0,0,0,0,0,0,0,0,0,0,0,0,0,0,0,0]
[466,0,0,0,0,0,0]-[0,0,0,6426816,0,0,0,0,0,0,0,0,0,0,0,0,0,0,0,0,0,0,0,0,0,0,0,0,0,0,0,0]
[789,0,0,0,0,0,0]-[0,73970176,135135232,0,0,0,0,0,0,0,0,0,0,0,0,0,0,0,0,0,0,0,0,0,0,0,0,0,0,0,0,0]
[299,0,0,0,0,0,0]-[0,0,0,0,0,3229614080,180,0,0,0,0,0,0,0,0,0,0,0,0,0,0,0,0,0,0,0,0,0,0,0,0,0]
[456,0,0,0,0,0,0]-[1124073472,32,0,0,0,0,0,0,0,0,0,0,0,0,0,0,0,0,0,0,0,0,0,0,0,0,0,0,0,0,0,0]
[612,0,0,0,0,0,0]-[0,1838592,0,0,0,0,0,0,0,0,0,0,0,0,0,0,0,0,0,0,0,0,0,0,0,0,0,0,0,0,0,0]
[281,0,0,0,0,0,0]-[0,0,2158231552,2450923520,1879310464,0,0,0,0,0,0,0,0,0,0,0,0,0,0,0,0,0,0,0,0,0,0,0,0,0,0,0]
[774,0,0,0,0,0,0]-[0,0,0,0,0,57408,0,0,0,0,0,0,0,0,0,0,0,0,0,0,0,0,0,0,0,0,0,0,0,0,0,0]
[959,0,0,0,0,0,0]-[612368384,8,0,0,0,66625,0,0,0,0,0,0,0,0,0,0,0,0,0,0,0,0,0,0,0,0,0,0,0,0,0,0]
[83,0,0,0,0,0,0]-[0,0,0,229504,0,354418688,0,0,0,0,0,0,0,0,0,0,0,0,0,0,0,0,0,0,0,0,0,0,0,0,0,0]
[702,0,0,0,0,0,0]-[0,2811904,32976,3288334336,2709,0,0,0,0,0,0,0,0,0,0,0,0,0,0,0,0,0,0,0,0,0,0,0,0,0,0,0]
[76,0,0,0,0,0,0]-[0,0,0,331808,0,0,0,0,0,0,0,0,0,0,0,0,0,0,0,0,0,0,0,0,0,0,0,0,0,0,0,0]
[60,0,0,0,0,0,0]-[38797312,4,0,4199936,43024384,0,0,0,0,0,0,0,0,0,0,0,0,0,0,0,0,0,0,0,0,0,0,0,0,0,0,0]
[879,0,0,0,0,0,0]-[0,0,0,0,0,4194304,100,0,0,0,0,0,0,0,0,0,0,0,0,0,0,0,0,0,0,0,0,0,0,0,0,0]
[340,0,0,0,0,0,0]-[0,0,0,164928,0,0,0,0,0,0,0,0,0,0,0,0,0,0,0,0,0,0,0,0,0,0,0,0,0,0,0,0]
[93,0,0,0,0,0,0]-[0,0,0,1879048192,1408,0,0,0,0,0,0,0,0,0,0,0,0,0,0,0,0,0,0,0,0,0,0,0,0,0,0,0]
[122,0,0,0,0,0,0]-[2449473536,4,0,1151504,0,0,0,0,0,0,0,0,0,0,0,0,0,0,0,0,0,0,0,0,0,0,0,0,0,0,0,0]
[428,0,0,0,0,0,0]-[0,0,0,3271557120,16,0,0,0,0,0,0,0,0,0,0,0,0,0,0,0,0,0,0,0,0,0,0,0,0,0,0,0]
[487,0,0,0,0,0,0]-[0,0,2030567424,0,0,0,0,0,0,0,0,0,0,0,0,0,0,0,0,0,0,0,0,0,0,0,0,0,0,0,0,0]
[275,0,0,0,0,0,0]-[0,0,0,2281701376,872482944,0,0,0,0,0,0,0,0,0,0,0,0,0,0,0,0,0,0,0,0,0,0,0,0,0,0,0]
[822,0,0,0,0,0,0]-[0,7424,0,0,0,49218,0,0,0,0,0,0,0,0,0,0,0,0,0,0,0,0,0,0,0,0,0,0,0,0,0,0]
[980,0,0,0,0,0,0]-[85249,0,293863424,0,0,0,0,0,0,0,0,0,0,0,0,0,0,0,0,0,0,0,0,0,0,0,0,0,0,0,0,0]
[558,0,0,0,0,0,0]-[0,0,0,0,0,49217,0,0,0,0,0,0,0,0,0,0,0,0,0,0,0,0,0,0,0,0,0,0,0,0,0,0]
[269,0,0,0,0,0,0]-[0,0,0,401440,2688811008,0,0,0,0,0,0,0,0,0,0,0,0,0,0,0,0,0,0,0,0,0,0,0,0,0,0,0]
[762,0,0,0,0,0,0]-[0,0,0,2147483648,1540,0,0,0,0,0,0,0,0,0,0,0,0,0,0,0,0,0,0,0,0,0,0,0,0,0,0,0]
[695,0,0,0,0,0,0]-[0,2117888,0,0,0,622723,0,0,0,0,0,0,0,0,0,0,0,0,0,0,0,0,0,0,0,0,0,0,0,0,0,0]
[259,0,0,0,0,0,0]-[148496,0,0,0,0,3441426432,57,0,0,0,0,0,0,0,0,0,0,0,0,0,0,0,0,0,0,0,0,0,0,0,0,0]
[251,0,0,0,0,0,0]-[2751463424,10,0,0,676331520,0,0,0,0,0,0,0,0,0,0,0,0,0,0,0,0,0,0,0,0,0,0,0,0,0,0,0]
[396,0,0,0,0,0,0]-[0,33949696,0,0,2168717312,0,0,0,0,0,0,0,0,0,0,0,0,0,0,0,0,0,0,0,0,0,0,0,0,0,0,0]
[1016,0,0,0,0,0,0]-[540681,0,0,1090519040,529,0,0,0,0,0,0,0,0,0,0,0,0,0,0,0,0,0,0,0,0,0,0,0,0,0,0,0]
[41,0,0,0,0,0,0]-[0,0,0,0,0,545259520,3,0,0,0,0,0,0,0,0,0,0,0,0,0,0,0,0,0,0,0,0,0,0,0,0,0]
[747,0,0,0,0,0,0]-[667648,0,0,0,0,0,0,0,0,0,0,0,0,0,0,0,0,0,0,0,0,0,0,0,0,0,0,0,0,0,0,0]
[669,0,0,0,0,0,0]-[590112,0,0,0,0,0,0,0,0,0,0,0,0,0,0,0,0,0,0,0,0,0,0,0,0,0,0,0,0,0,0,0]
[286,0,0,0,0,0,0]-[1377010176,268435456,17576,0,0,0,0,0,0,0,0,0,0,0,0,0,0,0,0,0,0,0,0,0,0,0,0,0,0,0,0,0]
[73,0,0,0,0,0,0]-[0,0,0,1376288,0,0,0,0,0,0,0,0,0,0,0,0,0,0,0,0,0,0,0,0,0,0,0,0,0,0,0,0]
[297,0,0,0,0,0,0]-[0,0,0,0,0,1744830464,2,0,0,0,0,0,0,0,0,0,0,0,0,0,0,0,0,0,0,0,0,0,0,0,0,0]
[244,0,0,0,0,0,0]-[0,0,0,1207959552,96,0,0,0,0,0,0,0,0,0,0,0,0,0,0,0,0,0,0,0,0,0,0,0,0,0,0,0]
[317,0,0,0,0,0,0]-[75497472,40,0,6554624,0,0,0,0,0,0,0,0,0,0,0,0,0,0,0,0,0,0,0,0,0,0,0,0,0,0,0,0]
[951,0,0,0,0,0,0]-[0,6328320,176291840,2,0,140386,0,0,0,0,0,0,0,0,0,0,0,0,0,0,0,0,0,0,0,0,0,0,0,0,0,0]
[716,0,0,0,0,0,0]-[0,35946496,0,0,0,0,0,0,0,0,0,0,0,0,0,0,0,0,0,0,0,0,0,0,0,0,0,0,0,0,0,0]
[199,0,0,0,0,0,0]-[0,0,0,218103808,4,0,0,0,0,0,0,0,0,0,0,0,0,0,0,0,0,0,0,0,0,0,0,0,0,0,0,0]
[463,0,0,0,0,0,0]-[0,0,0,0,268464128,0,0,0,0,0,0,0,0,0,0,0,0,0,0,0,0,0,0,0,0,0,0,0,0,0,0,0]
[157,0,0,0,0,0,0]-[0,0,0,6292496,0,0,0,0,0,0,0,0,0,0,0,0,0,0,0,0,0,0,0,0,0,0,0,0,0,0,0,0]
[746,0,0,0,0,0,0]-[528514,0,0,0,0,0,0,0,0,0,0,0,0,0,0,0,0,0,0,0,0,0,0,0,0,0,0,0,0,0,0,0]
[556,0,0,0,0,0,0]-[0,2425344,0,0,34160640,0,0,0,0,0,0,0,0,0,0,0,0,0,0,0,0,0,0,0,0,0,0,0,0,0,0,0]
[660,0,0,0,0,0,0]-[0,0,671088640,12,0,0,0,0,0,0,0,0,0,0,0,0,0,0,0,0,0,0,0,0,0,0,0,0,0,0,0,0]
[204,0,0,0,0,0,0]-[0,33955840,1610612736,12,0,0,0,0,0,0,0,0,0,0,0,0,0,0,0,0,0,0,0,0,0,0,0,0,0,0,0,0]
[751,0,0,0,0,0,0]-[0,0,537460736,16777220,2320,0,0,0,0,0,0,0,0,0,0,0,0,0,0,0,0,0,0,0,0,0,0,0,0,0,0,0]
[741,0,0,0,0,0,0]-[0,0,554172416,6,4345856,0,0,0,0,0,0,0,0,0,0,0,0,0,0,0,0,0,0,0,0,0,0,0,0,0,0,0]
[458,0,0,0,0,0,0]-[0,0,0,0,25313280,0,0,0,0,0,0,0,0,0,0,0,0,0,0,0,0,0,0,0,0,0,0,0,0,0,0,0]
[507,0,0,0,0,0,0]-[117440512,2,0,0,0,688914432,0,0,0,0,0,0,0,0,0,0,0,0,0,0,0,0,0,0,0,0,0,0,0,0,0,0]
[652,0,0,0,0,0,0]-[0,0,0,12336,0,0,0,0,0,0,0,0,0,0,0,0,0,0,0,0,0,0,0,0,0,0,0,0,0,0,0,0]
[926,0,0,0,0,0,0]-[622593,0,0,0,0,0,0,0,0,0,0,0,0,0,0,0,0,0,0,0,0,0,0,0,0,0,0,0,0,0,0,0]
[391,0,0,0,0,0,0]-[0,0,2046951424,8,0,0,0,0,0,0,0,0,0,0,0,0,0,0,0,0,0,0,0,0,0,0,0,0,0,0,0,0]
[186,0,0,0,0,0,0]-[1207959552,12,0,0,0,0,0,0,0,0,0,0,0,0,0,0,0,0,0,0,0,0,0,0,0,0,0,0,0,0,0,0]
[861,0,0,0,0,0,0]-[0,0,0,7602176,0,0,0,0,0,0,0,0,0,0,0,0,0,0,0,0,0,0,0,0,0,0,0,0,0,0,0,0]
[170,0,0,0,0,0,0]-[83886080,20,0,0,0,723517440,130,0,0,0,0,0,0,0,0,0,0,0,0,0,0,0,0,0,0,0,0,0,0,0,0,0]
[927,0,0,0,0,0,0]-[361736,0,0,0,0,0,0,0,0,0,0,0,0,0,0,0,0,0,0,0,0,0,0,0,0,0,0,0,0,0,0,0]
[580,0,0,0,0,0,0]-[0,168297472,0,0,0,0,0,0,0,0,0,0,0,0,0,0,0,0,0,0,0,0,0,0,0,0,0,0,0,0,0,0]
[1007,0,0,0,0,0,0]-[0,0,1074331648,2,0,132161,0,0,0,0,0,0,0,0,0,0,0,0,0,0,0,0,0,0,0,0,0,0,0,0,0,0]
[960,0,0,0,0,0,0]-[330240,0,0,0,0,0,0,0,0,0,0,0,0,0,0,0,0,0,0,0,0,0,0,0,0,0,0,0,0,0,0,0]
[663,0,0,0,0,0,0]-[287392800,4849921,62914560,0,0,41089,0,0,0,0,0,0,0,0,0,0,0,0,0,0,0,0,0,0,0,0,0,0,0,0,0,0]
[991,0,0,0,0,0,0]-[827784,0,116,0,0,0,0,0,0,0,0,0,0,0,0,0,0,0,0,0,0,0,0,0,0,0,0,0,0,0,0,0]
[108,0,0,0,0,0,0]-[599785472,134485028,0,262944,0,0,0,0,0,0,0,0,0,0,0,0,0,0,0,0,0,0,0,0,0,0,0,0,0,0,0,0]
[599,0,0,0,0,0,0]-[0,0,0,0,0,2487222272,69,0,0,0,0,0,0,0,0,0,0,0,0,0,0,0,0,0,0,0,0,0,0,0,0,0]
[1004,0,0,0,0,0,0]-[0,0,0,1090519040,96,0,0,0,0,0,0,0,0,0,0,0,0,0,0,0,0,0,0,0,0,0,0,0,0,0,0,0]
[974,0,0,0,0,0,0]-[590337,0,0,0,0,17537,0,0,0,0,0,0,0,0,0,0,0,0,0,0,0,0,0,0,0,0,0,0,0,0,0,0]
[812,0,0,0,0,0,0]-[0,0,1076101120,4,0,0,0,0,0,0,0,0,0,0,0,0,0,0,0,0,0,0,0,0,0,0,0,0,0,0,0,0]
[871,0,0,0,0,0,0]-[0,0,0,0,0,1075,0,0,0,0,0,0,0,0,0,0,0,0,0,0,0,0,0,0,0,0,0,0,0,0,0,0]
[851,0,0,0,0,0,0]-[0,0,0,0,0,2214592512,21,0,0,0,0,0,0,0,0,0,0,0,0,0,0,0,0,0,0,0,0,0,0,0,0,0]
[727,0,0,0,0,0,0]-[82080,141082624,562561024,0,0,0,0,0,0,0,0,0,0,0,0,0,0,0,0,0,0,0,0,0,0,0,0,0,0,0,0,0]
[142,0,0,0,0,0,0]-[1107296256,20,0,0,0,1090519040,65,0,0,0,0,0,0,0,0,0,0,0,0,0,0,0,0,0,0,0,0,0,0,0,0,0]
[175,0,0,0,0,0,0]-[0,0,1175977984,0,0,0,0,0,0,0,0,0,0,0,0,0,0,0,0,0,0,0,0,0,0,0,0,0,0,0,0,0]
[432,0,0,0,0,0,0]-[542738,0,0,0,0,0,0,0,0,0,0,0,0,0,0,0,0,0,0,0,0,0,0,0,0,0,0,0,0,0,0,0]
[422,0,0,0,0,0,0]-[0,0,0,0,0,3222274048,128,0,0,0,0,0,0,0,0,0,0,0,0,0,0,0,0,0,0,0,0,0,0,0,0,0]
[79,0,0,0,0,0,0]-[830472192,2147483648,16402,1065504,0,0,0,0,0,0,0,0,0,0,0,0,0,0,0,0,0,0,0,0,0,0,0,0,0,0,0,0]
[480,0,0,0,0,0,0]-[289536,0,0,0,0,0,0,0,0,0,0,0,0,0,0,0,0,0,0,0,0,0,0,0,0,0,0,0,0,0,0,0]
[600,0,0,0,0,0,0]-[0,0,0,2415958032,2031,0,0,0,0,0,0,0,0,0,0,0,0,0,0,0,0,0,0,0,0,0,0,0,0,0,0,0]
[223,0,0,0,0,0,0]-[71303168,33,1354760192,3228208,0,0,0,0,0,0,0,0,0,0,0,0,0,0,0,0,0,0,0,0,0,0,0,0,0,0,0,0]
[918,0,0,0,0,0,0]-[0,0,679477248,8,0,0,0,0,0,0,0,0,0,0,0,0,0,0,0,0,0,0,0,0,0,0,0,0,0,0,0,0]
[37,0,0,0,0,0,0]-[558891008,0,0,0,0,0,0,0,0,0,0,0,0,0,0,0,0,0,0,0,0,0,0,0,0,0,0,0,0,0,0,0]
[222,0,0,0,0,0,0]-[0,0,0,1746948112,1296,0,0,0,0,0,0,0,0,0,0,0,0,0,0,0,0,0,0,0,0,0,0,0,0,0,0,0]
[934,0,0,0,0,0,0]-[0,23070720,0,0,0,0,0,0,0,0,0,0,0,0,0,0,0,0,0,0,0,0,0,0,0,0,0,0,0,0,0,0]
[42,0,0,0,0,0,0]-[268435456,84,5312,0,0,1678770176,73,0,0,0,0,0,0,0,0,0,0,0,0,0,0,0,0,0,0,0,0,0,0,0,0,0]
[601,0,0,0,0,0,0]-[0,0,0,2415919104,1776,0,0,0,0,0,0,0,0,0,0,0,0,0,0,0,0,0,0,0,0,0,0,0,0,0,0,0]
[966,0,0,0,0,0,0]-[589889,0,0,0,0,0,0,0,0,0,0,0,0,0,0,0,0,0,0,0,0,0,0,0,0,0,0,0,0,0,0,0]
[860,0,0,0,0,0,0]-[0,0,8716288,476319746,2436,0,0,0,0,0,0,0,0,0,0,0,0,0,0,0,0,0,0,0,0,0,0,0,0,0,0,0]
[117,0,0,0,0,0,0]-[0,0,0,0,1652129792,0,0,0,0,0,0,0,0,0,0,0,0,0,0,0,0,0,0,0,0,0,0,0,0,0,0,0]
[913,0,0,0,0,0,0]-[590852,0,2281897984,0,0,0,0,0,0,0,0,0,0,0,0,0,0,0,0,0,0,0,0,0,0,0,0,0,0,0,0,0]
[807,0,0,0,0,0,0]-[0,0,0,0,0,11314,0,0,0,0,0,0,0,0,0,0,0,0,0,0,0,0,0,0,0,0,0,0,0,0,0,0]
[813,0,0,0,0,0,0]-[22020096,32,0,6553632,0,0,0,0,0,0,0,0,0,0,0,0,0,0,0,0,0,0,0,0,0,0,0,0,0,0,0,0]
[1013,0,0,0,0,0,0]-[57600,0,0,0,0,0,0,0,0,0,0,0,0,0,0,0,0,0,0,0,0,0,0,0,0,0,0,0,0,0,0,0]
[560,0,0,0,0,0,0]-[0,0,0,0,135462912,0,0,0,0,0,0,0,0,0,0,0,0,0,0,0,0,0,0,0,0,0,0,0,0,0,0,0]
[426,0,0,0,0,0,0]-[0,0,0,0,0,1240465408,144,0,0,0,0,0,0,0,0,0,0,0,0,0,0,0,0,0,0,0,0,0,0,0,0,0]
[90,0,0,0,0,0,0]-[0,0,0,0,0,85983232,64,0,0,0,0,0,0,0,0,0,0,0,0,0,0,0,0,0,0,0,0,0,0,0,0,0]
[1002,0,0,0,0,0,0]-[0,0,0,0,0,2152726528,48,0,0,0,0,0,0,0,0,0,0,0,0,0,0,0,0,0,0,0,0,0,0,0,0,0]
[408,0,0,0,0,0,0]-[66066,0,0,0,5509120,0,0,0,0,0,0,0,0,0,0,0,0,0,0,0,0,0,0,0,0,0,0,0,0,0,0,0]
[197,0,0,0,0,0,0]-[0,0,0,0,1074315264,0,0,0,0,0,0,0,0,0,0,0,0,0,0,0,0,0,0,0,0,0,0,0,0,0,0,0]
[824,0,0,0,0,0,0]-[0,0,0,0,319291392,0,0,0,0,0,0,0,0,0,0,0,0,0,0,0,0,0,0,0,0,0,0,0,0,0,0,0]
[95,0,0,0,0,0,0]-[360710144,0,49218,687865856,1024,338690048,0,0,0,0,0,0,0,0,0,0,0,0,0,0,0,0,0,0,0,0,0,0,0,0,0,0]
[816,0,0,0,0,0,0]-[0,0,2281701376,5,0,0,0,0,0,0,0,0,0,0,0,0,0,0,0,0,0,0,0,0,0,0,0,0,0,0,0,0]
[957,0,0,0,0,0,0]-[0,41979904,0,0,0,8514,0,0,0,0,0,0,0,0,0,0,0,0,0,0,0,0,0,0,0,0,0,0,0,0,0,0]
[758,0,0,0,0,0,0]-[0,134244352,0,0,0,0,0,0,0,0,0,0,0,0,0,0,0,0,0,0,0,0,0,0,0,0,0,0,0,0,0,0]
[924,0,0,0,0,0,0]-[66051,0,0,0,0,0,0,0,0,0,0,0,0,0,0,0,0,0,0,0,0,0,0,0,0,0,0,0,0,0,0,0]
[13,0,0,0,0,0,0]-[281018368,16,0,0,0,0,0,0,0,0,0,0,0,0,0,0,0,0,0,0,0,0,0,0,0,0,0,0,0,0,0,0]
[214,0,0,0,0,0,0]-[0,7356416,0,3431072016,516,0,0,0,0,0,0,0,0,0,0,0,0,0,0,0,0,0,0,0,0,0,0,0,0,0,0,0]
[914,0,0,0,0,0,0]-[362760,0,2181169152,8,0,0,0,0,0,0,0,0,0,0,0,0,0,0,0,0,0,0,0,0,0,0,0,0,0,0,0,0]
[366,0,0,0,0,0,0]-[0,0,0,0,0,3145728,36,0,0,0,0,0,0,0,0,0,0,0,0,0,0,0,0,0,0,0,0,0,0,0,0,0]
[875,0,0,0,0,0,0]-[0,0,0,0,0,2285895680,116,0,0,0,0,0,0,0,0,0,0,0,0,0,0,0,0,0,0,0,0,0,0,0,0,0]
[893,0,0,0,0,0,0]-[0,167780864,0,67108864,2684884256,0,0,0,0,0,0,0,0,0,0,0,0,0,0,0,0,0,0,0,0,0,0,0,0,0,0,0]
[410,0,0,0,0,0,0]-[16410,0,0,0,0,0,0,0,0,0,0,0,0,0,0,0,0,0,0,0,0,0,0,0,0,0,0,0,0,0,0,0]
[1022,0,0,0,0,0,0]-[794627,0,0,0,0,0,0,0,0,0,0,0,0,0,0,0,0,0,0,0,0,0,0,0,0,0,0,0,0,0,0,0]
[23,0,0,0,0,0,0]-[541065216,9,0,134217728,2192,1409286144,2,0,0,0,0,0,0,0,0,0,0,0,0,0,0,0,0,0,0,0,0,0,0,0,0,0]
[972,0,0,0,0,0,0]-[526082,0,0,0,0,0,0,0,0,0,0,0,0,0,0,0,0,0,0,0,0,0,0,0,0,0,0,0,0,0,0,0]
[343,0,0,0,0,0,0]-[0,0,0,738197504,128,69206016,5,0,0,0,0,0,0,0,0,0,0,0,0,0,0,0,0,0,0,0,0,0,0,0,0,0]
[953,0,0,0,0,0,0]-[794768,0,0,0,0,0,0,0,0,0,0,0,0,0,0,0,0,0,0,0,0,0,0,0,0,0,0,0,0,0,0,0]
[668,0,0,0,0,0,0]-[0,33703936,0,6324736,117456896,0,0,0,0,0,0,0,0,0,0,0,0,0,0,0,0,0,0,0,0,0,0,0,0,0,0,0]
[360,0,0,0,0,0,0]-[2168455168,4,0,0,0,0,0,0,0,0,0,0,0,0,0,0,0,0,0,0,0,0,0,0,0,0,0,0,0,0,0,0]
[827,0,0,0,0,0,0]-[0,25166592,0,2147483648,3200,0,0,0,0,0,0,0,0,0,0,0,0,0,0,0,0,0,0,0,0,0,0,0,0,0,0,0]
[266,0,0,0,0,0,0]-[0,0,0,2818572288,256,218103808,136,0,0,0,0,0,0,0,0,0,0,0,0,0,0,0,0,0,0,0,0,0,0,0,0,0]
[279,0,0,0,0,0,0]-[0,0,0,0,537722880,3288334336,5,0,0,0,0,0,0,0,0,0,0,0,0,0,0,0,0,0,0,0,0,0,0,0,0,0]
[591,0,0,0,0,0,0]-[0,2147483648,21092,553648128,404,268435456,104,0,0,0,0,0,0,0,0,0,0,0,0,0,0,0,0,0,0,0,0,0,0,0,0,0]
[191,0,0,0,0,0,0]-[0,0,0,0,0,1344274432,64,0,0,0,0,0,0,0,0,0,0,0,0,0,0,0,0,0,0,0,0,0,0,0,0,0]
[574,0,0,0,0,0,0]-[0,9055232,0,0,0,0,0,0,0,0,0,0,0,0,0,0,0,0,0,0,0,0,0,0,0,0,0,0,0,0,0,0]
[771,0,0,0,0,0,0]-[229440,0,0,0,0,2755657728,68,0,0,0,0,0,0,0,0,0,0,0,0,0,0,0,0,0,0,0,0,0,0,0,0,0]
[728,0,0,0,0,0,0]-[524450,0,2684354560,67108876,1600,0,0,0,0,0,0,0,0,0,0,0,0,0,0,0,0,0,0,0,0,0,0,0,0,0,0,0]
[670,0,0,0,0,0,0]-[65826,0,0,0,0,0,0,0,0,0,0,0,0,0,0,0,0,0,0,0,0,0,0,0,0,0,0,0,0,0,0,0]
[952,0,0,0,0,0,0]-[24582,0,0,3254779904,592,0,0,0,0,0,0,0,0,0,0,0,0,0,0,0,0,0,0,0,0,0,0,0,0,0,0,0]
[315,0,0,0,0,0,0]-[0,0,0,0,0,679477248,64,0,0,0,0,0,0,0,0,0,0,0,0,0,0,0,0,0,0,0,0,0,0,0,0,0]
[693,0,0,0,0,0,0]-[0,16805888,0,0,0,0,0,0,0,0,0,0,0,0,0,0,0,0,0,0,0,0,0,0,0,0,0,0,0,0,0,0]
[327,0,0,0,0,0,0]-[0,2147483648,9280,0,0,2097152,41,0,0,0,0,0,0,0,0,0,0,0,0,0,0,0,0,0,0,0,0,0,0,0,0,0]
[567,0,0,0,0,0,0]-[0,134234880,0,0,0,0,0,0,0,0,0,0,0,0,0,0,0,0,0,0,0,0,0,0,0,0,0,0,0,0,0,0]
[794,0,0,0,0,0,0]-[0,0,0,2214592512,260,0,0,0,0,0,0,0,0,0,0,0,0,0,0,0,0,0,0,0,0,0,0,0,0,0,0,0]
[988,0,0,0,0,0,0]-[0,268435456,277086341,2,0,0,0,0,0,0,0,0,0,0,0,0,0,0,0,0,0,0,0,0,0,0,0,0,0,0,0,0]
[238,0,0,0,0,0,0]-[0,0,0,1224736768,2048,0,0,0,0,0,0,0,0,0,0,0,0,0,0,0,0,0,0,0,0,0,0,0,0,0,0,0]
[722,0,0,0,0,0,0]-[0,0,2157445120,0,0,0,0,0,0,0,0,0,0,0,0,0,0,0,0,0,0,0,0,0,0,0,0,0,0,0,0,0]
[767,0,0,0,0,0,0]-[0,0,0,1157627904,1040,0,0,0,0,0,0,0,0,0,0,0,0,0,0,0,0,0,0,0,0,0,0,0,0,0,0,0]
[744,0,0,0,0,0,0]-[0,0,0,16777216,532,0,0,0,0,0,0,0,0,0,0,0,0,0,0,0,0,0,0,0,0,0,0,0,0,0,0,0]
[858,0,0,0,0,0,0]-[0,0,0,8427648,0,0,0,0,0,0,0,0,0,0,0,0,0,0,0,0,0,0,0,0,0,0,0,0,0,0,0,0]
[904,0,0,0,0,0,0]-[67080,0,0,0,546570240,0,0,0,0,0,0,0,0,0,0,0,0,0,0,0,0,0,0,0,0,0,0,0,0,0,0,0]
[718,0,0,0,0,0,0]-[655619,0,277348352,1157627912,4,0,0,0,0,0,0,0,0,0,0,0,0,0,0,0,0,0,0,0,0,0,0,0,0,0,0,0]
[706,0,0,0,0,0,0]-[134272,0,0,0,0,0,0,0,0,0,0,0,0,0,0,0,0,0,0,0,0,0,0,0,0,0,0,0,0,0,0,0]
[634,0,0,0,0,0,0]-[0,0,0,0,0,68157440,80,0,0,0,0,0,0,0,0,0,0,0,0,0,0,0,0,0,0,0,0,0,0,0,0,0]
[684,0,0,0,0,0,0]-[0,2394112,0,0,0,0,0,0,0,0,0,0,0,0,0,0,0,0,0,0,0,0,0,0,0,0,0,0,0,0,0,0]
[891,0,0,0,0,0,0]-[1092616192,64,0,0,0,0,0,0,0,0,0,0,0,0,0,0,0,0,0,0,0,0,0,0,0,0,0,0,0,0,0,0]
[179,0,0,0,0,0,0]-[0,0,2284322816,0,0,0,0,0,0,0,0,0,0,0,0,0,0,0,0,0,0,0,0,0,0,0,0,0,0,0,0,0]
[583,0,0,0,0,0,0]-[0,21528576,0,0,671629312,0,0,0,0,0,0,0,0,0,0,0,0,0,0,0,0,0,0,0,0,0,0,0,0,0,0,0]
[842,0,0,0,0,0,0]-[0,0,0,561184,0,0,0,0,0,0,0,0,0,0,0,0,0,0,0,0,0,0,0,0,0,0,0,0,0,0,0,0]
[761,0,0,0,0,0,0]-[0,25182464,0,3573547008,1616,0,0,0,0,0,0,0,0,0,0,0,0,0,0,0,0,0,0,0,0,0,0,0,0,0,0,0]
[923,0,0,0,0,0,0]-[98688,0,0,0,0,0,0,0,0,0,0,0,0,0,0,0,0,0,0,0,0,0,0,0,0,0,0,0,0,0,0,0]
[349,0,0,0,0,0,0]-[0,0,0,1098752,0,0,0,0,0,0,0,0,0,0,0,0,0,0,0,0,0,0,0,0,0,0,0,0,0,0,0,0]
[1015,0,0,0,0,0,0]-[0,0,0,0,0,205923,0,0,0,0,0,0,0,0,0,0,0,0,0,0,0,0,0,0,0,0,0,0,0,0,0,0]
[577,0,0,0,0,0,0]-[0,0,0,0,1779458048,0,0,0,0,0,0,0,0,0,0,0,0,0,0,0,0,0,0,0,0,0,0,0,0,0,0,0]
[277,0,0,0,0,0,0]-[0,0,0,405677056,571410560,0,0,0,0,0,0,0,0,0,0,0,0,0,0,0,0,0,0,0,0,0,0,0,0,0,0,0]
[983,0,0,0,0,0,0]-[312320,143138816,0,0,0,0,0,0,0,0,0,0,0,0,0,0,0,0,0,0,0,0,0,0,0,0,0,0,0,0,0,0]
[6,0,0,0,0,0,0]-[0,2147483648,2120,0,0,0,0,0,0,0,0,0,0,0,0,0,0,0,0,0,0,0,0,0,0,0,0,0,0,0,0,0]
[906,0,0,0,0,0,0]-[202642,0,2717908992,12456,0,0,0,0,0,0,0,0,0,0,0,0,0,0,0,0,0,0,0,0,0,0,0,0,0,0,0,0]
[764,0,0,0,0,0,0]-[0,75515904,281018368,1090519044,1041,0,0,0,0,0,0,0,0,0,0,0,0,0,0,0,0,0,0,0,0,0,0,0,0,0,0,0]
[347,0,0,0,0,0,0]-[3523215360,268435520,17686,0,0,203423744,1,0,0,0,0,0,0,0,0,0,0,0,0,0,0,0,0,0,0,0,0,0,0,0,0,0]
[159,0,0,0,0,0,0]-[0,0,0,0,4493312,0,0,0,0,0,0,0,0,0,0,0,0,0,0,0,0,0,0,0,0,0,0,0,0,0,0,0]
[948,0,0,0,0,0,0]-[0,10532864,0,0,0,323,0,0,0,0,0,0,0,0,0,0,0,0,0,0,0,0,0,0,0,0,0,0,0,0,0,0]
[339,0,0,0,0,0,0]-[0,1879048192,24654,2281701376,3758162058,343932928,17,0,0,0,0,0,0,0,0,0,0,0,0,0,0,0,0,0,0,0,0,0,0,0,0,0]
[398,0,0,0,0,0,0]-[65618,0,0,0,0,0,0,0,0,0,0,0,0,0,0,0,0,0,0,0,0,0,0,0,0,0,0,0,0,0,0,0]
[46,0,0,0,0,0,0]-[0,0,0,0,0,3145728,130,0,0,0,0,0,0,0,0,0,0,0,0,0,0,0,0,0,0,0,0,0,0,0,0,0]
[120,0,0,0,0,0,0]-[2185232384,68,0,2359680,0,0,0,0,0,0,0,0,0,0,0,0,0,0,0,0,0,0,0,0,0,0,0,0,0,0,0,0]
[217,0,0,0,0,0,0]-[0,0,0,2195472,0,0,0,0,0,0,0,0,0,0,0,0,0,0,0,0,0,0,0,0,0,0,0,0,0,0,0,0]
[440,0,0,0,0,0,0]-[0,0,0,13440,0,0,0,0,0,0,0,0,0,0,0,0,0,0,0,0,0,0,0,0,0,0,0,0,0,0,0,0]
[123,0,0,0,0,0,0]-[0,0,0,0,0,1344274432,80,0,0,0,0,0,0,0,0,0,0,0,0,0,0,0,0,0,0,0,0,0,0,0,0,0]
[220,0,0,0,0,0,0]-[0,42270720,0,2459408,0,0,0,0,0,0,0,0,0,0,0,0,0,0,0,0,0,0,0,0,0,0,0,0,0,0,0,0]
[622,0,0,0,0,0,0]-[27262976,4,0,0,0,0,0,0,0,0,0,0,0,0,0,0,0,0,0,0,0,0,0,0,0,0,0,0,0,0,0,0]
[246,0,0,0,0,0,0]-[0,0,0,1704448,0,0,0,0,0,0,0,0,0,0,0,0,0,0,0,0,0,0,0,0,0,0,0,0,0,0,0,0]
[457,0,0,0,0,0,0]-[25096,0,0,0,0,0,0,0,0,0,0,0,0,0,0,0,0,0,0,0,0,0,0,0,0,0,0,0,0,0,0,0]
[209,0,0,0,0,0,0]-[71303168,3,0,0,0,0,0,0,0,0,0,0,0,0,0,0,0,0,0,0,0,0,0,0,0,0,0,0,0,0,0,0]
[975,0,0,0,0,0,0]-[173056,0,0,1605664,0,0,0,0,0,0,0,0,0,0,0,0,0,0,0,0,0,0,0,0,0,0,0,0,0,0,0,0]
[187,0,0,0,0,0,0]-[0,0,0,0,268480512,0,0,0,0,0,0,0,0,0,0,0,0,0,0,0,0,0,0,0,0,0,0,0,0,0,0,0]
[274,0,0,0,0,0,0]-[0,536870912,16520,0,0,0,0,0,0,0,0,0,0,0,0,0,0,0,0,0,0,0,0,0,0,0,0,0,0,0,0,0]
[454,0,0,0,0,0,0]-[0,0,3514957824,10,0,0,0,0,0,0,0,0,0,0,0,0,0,0,0,0,0,0,0,0,0,0,0,0,0,0,0,0]
[982,0,0,0,0,0,0]-[43010,0,0,0,0,0,0,0,0,0,0,0,0,0,0,0,0,0,0,0,0,0,0,0,0,0,0,0,0,0,0,0]
[231,0,0,0,0,0,0]-[0,0,0,0,0,1358954496,1,0,0,0,0,0,0,0,0,0,0,0,0,0,0,0,0,0,0,0,0,0,0,0,0,0]
[821,0,0,0,0,0,0]-[0,16790016,151584768,0,0,0,0,0,0,0,0,0,0,0,0,0,0,0,0,0,0,0,0,0,0,0,0,0,0,0,0,0]
[708,0,0,0,0,0,0]-[0,172867584,0,0,0,0,0,0,0,0,0,0,0,0,0,0,0,0,0,0,0,0,0,0,0,0,0,0,0,0,0,0]
[423,0,0,0,0,0,0]-[0,0,1744830464,2,806912,0,0,0,0,0,0,0,0,0,0,0,0,0,0,0,0,0,0,0,0,0,0,0,0,0,0,0]
[989,0,0,0,0,0,0]-[57352,0,0,0,0,0,0,0,0,0,0,0,0,0,0,0,0,0,0,0,0,0,0,0,0,0,0,0,0,0,0,0]
[313,0,0,0,0,0,0]-[138412032,10,0,0,973733888,0,0,0,0,0,0,0,0,0,0,0,0,0,0,0,0,0,0,0,0,0,0,0,0,0,0,0]
[605,0,0,0,0,0,0]-[0,0,0,1434484880,1224,0,0,0,0,0,0,0,0,0,0,0,0,0,0,0,0,0,0,0,0,0,0,0,0,0,0,0]
[413,0,0,0,0,0,0]-[0,0,0,8401920,0,0,0,0,0,0,0,0,0,0,0,0,0,0,0,0,0,0,0,0,0,0,0,0,0,0,0,0]
[265,0,0,0,0,0,0]-[37748736,24,0,50331648,160,0,0,0,0,0,0,0,0,0,0,0,0,0,0,0,0,0,0,0,0,0,0,0,0,0,0,0]
[61,0,0,0,0,0,0]-[0,0,0,0,545423360,0,0,0,0,0,0,0,0,0,0,0,0,0,0,0,0,0,0,0,0,0,0,0,0,0,0,0]
[1008,0,0,0,0,0,0]-[18816,0,0,0,0,0,0,0,0,0,0,0,0,0,0,0,0,0,0,0,0,0,0,0,0,0,0,0,0,0,0,0]
[826,0,0,0,0,0,0]-[0,0,0,0,26808320,0,0,0,0,0,0,0,0,0,0,0,0,0,0,0,0,0,0,0,0,0,0,0,0,0,0,0]
[889,0,0,0,0,0,0]-[0,0,0,0,2449674240,0,0,0,0,0,0,0,0,0,0,0,0,0,0,0,0,0,0,0,0,0,0,0,0,0,0,0]
[133,0,0,0,0,0,0]-[0,0,0,0,2194587648,0,0,0,0,0,0,0,0,0,0,0,0,0,0,0,0,0,0,0,0,0,0,0,0,0,0,0]
[908,0,0,0,0,0,0]-[67328,0,0,0,0,0,0,0,0,0,0,0,0,0,0,0,0,0,0,0,0,0,0,0,0,0,0,0,0,0,0,0]
[261,0,0,0,0,0,0]-[0,0,0,0,2147942400,0,0,0,0,0,0,0,0,0,0,0,0,0,0,0,0,0,0,0,0,0,0,0,0,0,0,0]
[103,0,0,0,0,0,0]-[0,0,0,0,0,18874368,34,0,0,0,0,0,0,0,0,0,0,0,0,0,0,0,0,0,0,0,0,0,0,0,0,0]
[944,0,0,0,0,0,0]-[786566,8395008,2281766912,8,0,0,0,0,0,0,0,0,0,0,0,0,0,0,0,0,0,0,0,0,0,0,0,0,0,0,0,0]
[387,0,0,0,0,0,0]-[0,0,0,0,268722176,0,0,0,0,0,0,0,0,0,0,0,0,0,0,0,0,0,0,0,0,0,0,0,0,0,0,0]
[572,0,0,0,0,0,0]-[0,0,138674176,4,0,0,0,0,0,0,0,0,0,0,0,0,0,0,0,0,0,0,0,0,0,0,0,0,0,0,0,0]
[873,0,0,0,0,0,0]-[3242196992,64,0,0,0,0,0,0,0,0,0,0,0,0,0,0,0,0,0,0,0,0,0,0,0,0,0,0,0,0,0,0]
[131,0,0,0,0,0,0]-[0,0,0,0,0,2424307712,146,0,0,0,0,0,0,0,0,0,0,0,0,0,0,0,0,0,0,0,0,0,0,0,0,0]
[150,0,0,0,0,0,0]-[0,0,0,0,671416320,0,0,0,0,0,0,0,0,0,0,0,0,0,0,0,0,0,0,0,0,0,0,0,0,0,0,0]
[808,0,0,0,0,0,0]-[0,0,0,0,419561472,0,0,0,0,0,0,0,0,0,0,0,0,0,0,0,0,0,0,0,0,0,0,0,0,0,0,0]
[880,0,0,0,0,0,0]-[0,0,0,0,53477376,0,0,0,0,0,0,0,0,0,0,0,0,0,0,0,0,0,0,0,0,0,0,0,0,0,0,0]
[678,0,0,0,0,0,0]-[0,16866304,0,0,0,0,0,0,0,0,0,0,0,0,0,0,0,0,0,0,0,0,0,0,0,0,0,0,0,0,0,0]
[38,0,0,0,0,0,0]-[36700160,4,34078720,5,0,2097152,134,0,0,0,0,0,0,0,0,0,0,0,0,0,0,0,0,0,0,0,0,0,0,0,0,0]
[588,0,0,0,0,0,0]-[139298,101203968,8912896,1426063365,1028,0,0,0,0,0,0,0,0,0,0,0,0,0,0,0,0,0,0,0,0,0,0,0,0,0,0,0]
[737,0,0,0,0,0,0]-[806912,0,0,0,0,0,0,0,0,0,0,0,0,0,0,0,0,0,0,0,0,0,0,0,0,0,0,0,0,0,0,0]
[211,0,0,0,0,0,0]-[0,0,0,8620672,0,402653184,17,0,0,0,0,0,0,0,0,0,0,0,0,0,0,0,0,0,0,0,0,0,0,0,0,0]
[89,0,0,0,0,0,0]-[0,0,0,3507328,0,0,0,0,0,0,0,0,0,0,0,0,0,0,0,0,0,0,0,0,0,0,0,0,0,0,0,0]
[177,0,0,0,0,0,0]-[0,0,0,1187856,276922368,0,0,0,0,0,0,0,0,0,0,0,0,0,0,0,0,0,0,0,0,0,0,0,0,0,0,0]
[230,0,0,0,0,0,0]-[0,0,0,0,0,1343225856,1,0,0,0,0,0,0,0,0,0,0,0,0,0,0,0,0,0,0,0,0,0,0,0,0,0]
[620,0,0,0,0,0,0]-[0,0,0,285212672,879,0,0,0,0,0,0,0,0,0,0,0,0,0,0,0,0,0,0,0,0,0,0,0,0,0,0,0]
[859,0,0,0,0,0,0]-[204804,0,0,2215676032,133,0,0,0,0,0,0,0,0,0,0,0,0,0,0,0,0,0,0,0,0,0,0,0,0,0,0,0]
[703,0,0,0,0,0,0]-[0,0,46137344,2,3216,0,0,0,0,0,0,0,0,0,0,0,0,0,0,0,0,0,0,0,0,0,0,0,0,0,0,0]
[303,0,0,0,0,0,0]-[6291456,80,0,0,0,1275068416,16,0,0,0,0,0,0,0,0,0,0,0,0,0,0,0,0,0,0,0,0,0,0,0,0,0]
[613,0,0,0,0,0,0]-[0,0,0,0,0,272629760,34,0,0,0,0,0,0,0,0,0,0,0,0,0,0,0,0,0,0,0,0,0,0,0,0,0]
[515,0,0,0,0,0,0]-[0,0,0,0,0,2956984320,5,0,0,0,0,0,0,0,0,0,0,0,0,0,0,0,0,0,0,0,0,0,0,0,0,0]
[52,0,0,0,0,0,0]-[0,0,0,0,134447104,0,0,0,0,0,0,0,0,0,0,0,0,0,0,0,0,0,0,0,0,0,0,0,0,0,0,0]
[362,0,0,0,0,0,0]-[0,0,0,0,0,1624244224,32,0,0,0,0,0,0,0,0,0,0,0,0,0,0,0,0,0,0,0,0,0,0,0,0,0]
[363,0,0,0,0,0,0]-[2432696320,2,0,0,0,1776287744,116,0,0,0,0,0,0,0,0,0,0,0,0,0,0,0,0,0,0,0,0,0,0,0,0,0]
[441,0,0,0,0,0,0]-[0,0,0,0,268832768,0,0,0,0,0,0,0,0,0,0,0,0,0,0,0,0,0,0,0,0,0,0,0,0,0,0,0]
[378,0,0,0,0,0,0]-[370147328,0,1608,0,51388416,0,0,0,0,0,0,0,0,0,0,0,0,0,0,0,0,0,0,0,0,0,0,0,0,0,0,0]
[341,0,0,0,0,0,0]-[0,0,0,1009139712,541262985,0,0,0,0,0,0,0,0,0,0,0,0,0,0,0,0,0,0,0,0,0,0,0,0,0,0,0]
[368,0,0,0,0,0,0]-[0,0,0,0,3547402240,0,0,0,0,0,0,0,0,0,0,0,0,0,0,0,0,0,0,0,0,0,0,0,0,0,0,0]
[894,0,0,0,0,0,0]-[0,142620160,0,0,0,0,0,0,0,0,0,0,0,0,0,0,0,0,0,0,0,0,0,0,0,0,0,0,0,0,0,0]
[950,0,0,0,0,0,0]-[0,4364544,176160768,10,0,0,0,0,0,0,0,0,0,0,0,0,0,0,0,0,0,0,0,0,0,0,0,0,0,0,0,0]
[647,0,0,0,0,0,0]-[0,0,0,0,0,2420285441,128,0,0,0,0,0,0,0,0,0,0,0,0,0,0,0,0,0,0,0,0,0,0,0,0,0]
[569,0,0,0,0,0,0]-[0,0,0,0,2651848704,0,0,0,0,0,0,0,0,0,0,0,0,0,0,0,0,0,0,0,0,0,0,0,0,0,0,0]
[194,0,0,0,0,0,0]-[0,0,0,0,0,16777216,81,0,0,0,0,0,0,0,0,0,0,0,0,0,0,0,0,0,0,0,0,0,0,0,0,0]
[899,0,0,0,0,0,0]-[992712,0,2718040064,0,0,0,0,0,0,0,0,0,0,0,0,0,0,0,0,0,0,0,0,0,0,0,0,0,0,0,0,0]
[933,0,0,0,0,0,0]-[19947840,174207008,403243008,0,0,0,0,0,0,0,0,0,0,0,0,0,0,0,0,0,0,0,0,0,0,0,0,0,0,0,0,0]
[997,0,0,0,0,0,0]-[0,56623104,0,0,0,0,0,0,0,0,0,0,0,0,0,0,0,0,0,0,0,0,0,0,0,0,0,0,0,0,0,0]
[367,0,0,0,0,0,0]-[2499805184,0,0,0,0,1753219072,0,0,0,0,0,0,0,0,0,0,0,0,0,0,0,0,0,0,0,0,0,0,0,0,0,0]
[938,0,0,0,0,0,0]-[0,0,0,0,0,139460608,144,0,0,0,0,0,0,0,0,0,0,0,0,0,0,0,0,0,0,0,0,0,0,0,0,0]
[810,0,0,0,0,0,0]-[0,0,0,0,0,542113792,64,0,0,0,0,0,0,0,0,0,0,0,0,0,0,0,0,0,0,0,0,0,0,0,0,0]
[610,0,0,0,0,0,0]-[1677721600,134,0,0,0,279555,0,0,0,0,0,0,0,0,0,0,0,0,0,0,0,0,0,0,0,0,0,0,0,0,0,0]
[710,0,0,0,0,0,0]-[0,39403776,0,0,0,0,0,0,0,0,0,0,0,0,0,0,0,0,0,0,0,0,0,0,0,0,0,0,0,0,0,0]
[344,0,0,0,0,0,0]-[0,0,1679,562176,553787392,0,0,0,0,0,0,0,0,0,0,0,0,0,0,0,0,0,0,0,0,0,0,0,0,0,0,0]
[96,0,0,0,0,0,0]-[0,0,0,0,0,572522496,32,0,0,0,0,0,0,0,0,0,0,0,0,0,0,0,0,0,0,0,0,0,0,0,0,0]
[59,0,0,0,0,0,0]-[0,0,0,0,270569472,1275068416,84,0,0,0,0,0,0,0,0,0,0,0,0,0,0,0,0,0,0,0,0,0,0,0,0,0]
[92,0,0,0,0,0,0]-[0,0,0,3528464,0,0,0,0,0,0,0,0,0,0,0,0,0,0,0,0,0,0,0,0,0,0,0,0,0,0,0,0]
[336,0,0,0,0,0,0]-[0,1073741824,142,0,0,0,0,0,0,0,0,0,0,0,0,0,0,0,0,0,0,0,0,0,0,0,0,0,0,0,0,0]
[835,0,0,0,0,0,0]-[0,0,0,0,0,2218786816,123,0,0,0,0,0,0,0,0,0,0,0,0,0,0,0,0,0,0,0,0,0,0,0,0,0]
[40,0,0,0,0,0,0]-[0,393984,0,0,0,1611661312,2,0,0,0,0,0,0,0,0,0,0,0,0,0,0,0,0,0,0,0,0,0,0,0,0,0]
[748,0,0,0,0,0,0]-[0,2400256,805896192,12,0,0,0,0,0,0,0,0,0,0,0,0,0,0,0,0,0,0,0,0,0,0,0,0,0,0,0,0]
[427,0,0,0,0,0,0]-[0,0,0,0,0,12582912,129,0,0,0,0,0,0,0,0,0,0,0,0,0,0,0,0,0,0,0,0,0,0,0,0,0]
[862,0,0,0,0,0,0]-[73857,0,0,0,0,0,0,0,0,0,0,0,0,0,0,0,0,0,0,0,0,0,0,0,0,0,0,0,0,0,0,0]
[195,0,0,0,0,0,0]-[0,0,1083703296,0,0,3623878656,195,0,0,0,0,0,0,0,0,0,0,0,0,0,0,0,0,0,0,0,0,0,0,0,0,0]
[659,0,0,0,0,0,0]-[0,0,144179200,0,0,0,0,0,0,0,0,0,0,0,0,0,0,0,0,0,0,0,0,0,0,0,0,0,0,0,0,0]
[990,0,0,0,0,0,0]-[295170,0,0,0,0,0,0,0,0,0,0,0,0,0,0,0,0,0,0,0,0,0,0,0,0,0,0,0,0,0,0,0]
[725,0,0,0,0,0,0]-[802848,241197056,29360128,4,0,0,0,0,0,0,0,0,0,0,0,0,0,0,0,0,0,0,0,0,0,0,0,0,0,0,0,0]
[31,0,0,0,0,0,0]-[71303168,41,0,0,0,1409327110,7,0,0,0,0,0,0,0,0,0,0,0,0,0,0,0,0,0,0,0,0,0,0,0,0,0]
[471,0,0,0,0,0,0]-[0,268435456,8258,0,0,0,0,0,0,0,0,0,0,0,0,0,0,0,0,0,0,0,0,0,0,0,0,0,0,0,0,0]
[1003,0,0,0,0,0,0]-[0,0,0,0,0,2147483648,52,0,0,0,0,0,0,0,0,0,0,0,0,0,0,0,0,0,0,0,0,0,0,0,0,0]
[91,0,0,0,0,0,0]-[1367343104,2,0,2163328,0,480247808,65,0,0,0,0,0,0,0,0,0,0,0,0,0,0,0,0,0,0,0,0,0,0,0,0,0]
[213,0,0,0,0,0,0]-[1077936128,35,0,134217728,1120,0,0,0,0,0,0,0,0,0,0,0,0,0,0,0,0,0,0,0,0,0,0,0,0,0,0,0]
[53,0,0,0,0,0,0]-[0,0,0,0,34177024,0,0,0,0,0,0,0,0,0,0,0,0,0,0,0,0,0,0,0,0,0,0,0,0,0,0,0]
[714,0,0,0,0,0,0]-[529410,0,0,0,0,0,0,0,0,0,0,0,0,0,0,0,0,0,0,0,0,0,0,0,0,0,0,0,0,0,0,0]
[331,0,0,0,0,0,0]-[3506438144,0,0,0,0,232783872,41,0,0,0,0,0,0,0,0,0,0,0,0,0,0,0,0,0,0,0,0,0,0,0,0,0]
[375,0,0,0,0,0,0]-[606076928,1073741857,88,0,0,0,0,0,0,0,0,0,0,0,0,0,0,0,0,0,0,0,0,0,0,0,0,0,0,0,0,0]
[694,0,0,0,0,0,0]-[0,134239232,0,0,0,0,0,0,0,0,0,0,0,0,0,0,0,0,0,0,0,0,0,0,0,0,0,0,0,0,0,0]
[171,0,0,0,0,0,0]-[0,0,0,0,0,1082130432,194,0,0,0,0,0,0,0,0,0,0,0,0,0,0,0,0,0,0,0,0,0,0,0,0,0]
[614,0,0,0,0,0,0]-[1610612736,164,0,0,0,0,0,0,0,0,0,0,0,0,0,0,0,0,0,0,0,0,0,0,0,0,0,0,0,0,0,0]
[267,0,0,0,0,0,0]-[1191379216,10,0,0,0,616562688,0,0,0,0,0,0,0,0,0,0,0,0,0,0,0,0,0,0,0,0,0,0,0,0,0,0]
[713,0,0,0,0,0,0]-[0,0,0,34864,0,0,0,0,0,0,0,0,0,0,0,0,0,0,0,0,0,0,0,0,0,0,0,0,0,0,0,0]
[196,0,0,0,0,0,0]-[0,140251136,1073872896,12,0,0,0,0,0,0,0,0,0,0,0,0,0,0,0,0,0,0,0,0,0,0,0,0,0,0,0,0]
[3,0,0,0,0,0,0]-[0,0,0,0,0,2692743168,1,0,0,0,0,0,0,0,0,0,0,0,0,0,0,0,0,0,0,0,0,0,0,0,0,0]
[25,0,0,0,0,0,0]-[0,0,0,2516582400,1264,0,0,0,0,0,0,0,0,0,0,0,0,0,0,0,0,0,0,0,0,0,0,0,0,0,0,0]
[766,0,0,0,0,0,0]-[0,2245632,0,3355443200,2837,0,0,0,0,0,0,0,0,0,0,0,0,0,0,0,0,0,0,0,0,0,0,0,0,0,0,0]
[324,0,0,0,0,0,0]-[0,0,1074659328,0,0,0,0,0,0,0,0,0,0,0,0,0,0,0,0,0,0,0,0,0,0,0,0,0,0,0,0,0]
[633,0,0,0,0,0,0]-[545653376,34,0,1076103680,2153387552,0,0,0,0,0,0,0,0,0,0,0,0,0,0,0,0,0,0,0,0,0,0,0,0,0,0,0]
[935,0,0,0,0,0,0]-[0,0,990380032,0,0,0,0,0,0,0,0,0,0,0,0,0,0,0,0,0,0,0,0,0,0,0,0,0,0,0,0,0]
[797,0,0,0,0,0,0]-[0,0,0,268435456,3200,0,0,0,0,0,0,0,0,0,0,0,0,0,0,0,0,0,0,0,0,0,0,0,0,0,0,0]
[721,0,0,0,0,0,0]-[0,0,0,167772160,1088,0,0,0,0,0,0,0,0,0,0,0,0,0,0,0,0,0,0,0,0,0,0,0,0,0,0,0]
[839,0,0,0,0,0,0]-[0,0,0,0,0,4194304,37,0,0,0,0,0,0,0,0,0,0,0,0,0,0,0,0,0,0,0,0,0,0,0,0,0]
[248,0,0,0,0,0,0]-[0,0,0,1920,50372608,0,0,0,0,0,0,0,0,0,0,0,0,0,0,0,0,0,0,0,0,0,0,0,0,0,0,0]
[288,0,0,0,0,0,0]-[0,0,0,0,1074085888,0,0,0,0,0,0,0,0,0,0,0,0,0,0,0,0,0,0,0,0,0,0,0,0,0,0,0]
[314,0,0,0,0,0,0]-[0,0,34866880,4,26345472,546308096,64,0,0,0,0,0,0,0,0,0,0,0,0,0,0,0,0,0,0,0,0,0,0,0,0,0]
[383,0,0,0,0,0,0]-[354418688,64,18264,0,269496320,0,0,0,0,0,0,0,0,0,0,0,0,0,0,0,0,0,0,0,0,0,0,0,0,0,0,0]
[833,0,0,0,0,0,0]-[0,0,0,0,1611153408,0,0,0,0,0,0,0,0,0,0,0,0,0,0,0,0,0,0,0,0,0,0,0,0,0,0,0]
[215,0,0,0,0,0,0]-[0,0,0,212470416,1040,0,0,0,0,0,0,0,0,0,0,0,0,0,0,0,0,0,0,0,0,0,0,0,0,0,0,0]
[954,0,0,0,0,0,0]-[0,33564928,0,0,277938176,0,0,0,0,0,0,0,0,0,0,0,0,0,0,0,0,0,0,0,0,0,0,0,0,0,0,0]
[17,0,0,0,0,0,0]-[4194304,11,0,0,0,0,0,0,0,0,0,0,0,0,0,0,0,0,0,0,0,0,0,0,0,0,0,0,0,0,0,0]
[548,0,0,0,0,0,0]-[0,855040,0,0,2298544128,0,0,0,0,0,0,0,0,0,0,0,0,0,0,0,0,0,0,0,0,0,0,0,0,0,0,0]
[119,0,0,0,0,0,0]-[0,0,0,0,671645696,0,0,0,0,0,0,0,0,0,0,0,0,0,0,0,0,0,0,0,0,0,0,0,0,0,0,0]
[559,0,0,0,0,0,0]-[0,17302272,0,16777216,2192,0,0,0,0,0,0,0,0,0,0,0,0,0,0,0,0,0,0,0,0,0,0,0,0,0,0,0]
[662,0,0,0,0,0,0]-[0,134762496,0,0,0,0,0,0,0,0,0,0,0,0,0,0,0,0,0,0,0,0,0,0,0,0,0,0,0,0,0,0]
[763,0,0,0,0,0,0]-[172160,57600,0,10487936,0,0,0,0,0,0,0,0,0,0,0,0,0,0,0,0,0,0,0,0,0,0,0,0,0,0,0,0]
[439,0,0,0,0,0,0]-[87031808,0,312475648,0,0,0,0,0,0,0,0,0,0,0,0,0,0,0,0,0,0,0,0,0,0,0,0,0,0,0,0,0]
[776,0,0,0,0,0,0]-[0,0,0,0,563347456,0,0,0,0,0,0,0,0,0,0,0,0,0,0,0,0,0,0,0,0,0,0,0,0,0,0,0]
[877,0,0,0,0,0,0]-[2438987776,96,0,2375712,0,0,0,0,0,0,0,0,0,0,0,0,0,0,0,0,0,0,0,0,0,0,0,0,0,0,0,0]
[856,0,0,0,0,0,0]-[0,0,0,0,2709524480,0,0,0,0,0,0,0,0,0,0,0,0,0,0,0,0,0,0,0,0,0,0,0,0,0,0,0]
[105,0,0,0,0,0,0]-[0,0,0,0,0,1616904192,0,0,0,0,0,0,0,0,0,0,0,0,0,0,0,0,0,0,0,0,0,0,0,0,0,0]
[942,0,0,0,0,0,0]-[0,58730496,302514176,8,0,23068672,128,0,0,0,0,0,0,0,0,0,0,0,0,0,0,0,0,0,0,0,0,0,0,0,0,0]
[734,0,0,0,0,0,0]-[0,0,0,148918288,2320,0,0,0,0,0,0,0,0,0,0,0,0,0,0,0,0,0,0,0,0,0,0,0,0,0,0,0]
[1020,0,0,0,0,0,0]-[0,247467008,0,0,0,0,0,0,0,0,0,0,0,0,0,0,0,0,0,0,0,0,0,0,0,0,0,0,0,0,0,0]
[505,0,0,0,0,0,0]-[0,0,0,2114688,0,0,0,0,0,0,0,0,0,0,0,0,0,0,0,0,0,0,0,0,0,0,0,0,0,0,0,0]
[621,0,0,0,0,0,0]-[0,0,0,83886080,288,0,0,0,0,0,0,0,0,0,0,0,0,0,0,0,0,0,0,0,0,0,0,0,0,0,0,0]
[306,0,0,0,0,0,0]-[303038464,2,0,0,0,0,0,0,0,0,0,0,0,0,0,0,0,0,0,0,0,0,0,0,0,0,0,0,0,0,0,0]
[651,0,0,0,0,0,0]-[594944,0,0,9445408,0,0,0,0,0,0,0,0,0,0,0,0,0,0,0,0,0,0,0,0,0,0,0,0,0,0,0,0]
[565,0,0,0,0,0,0]-[0,67129856,0,0,0,0,0,0,0,0,0,0,0,0,0,0,0,0,0,0,0,0,0,0,0,0,0,0,0,0,0,0]
[298,0,0,0,0,0,0]-[0,0,0,0,0,3299868672,176,0,0,0,0,0,0,0,0,0,0,0,0,0,0,0,0,0,0,0,0,0,0,0,0,0]
[603,0,0,0,0,0,0]-[0,0,0,2147483648,133,2488270848,85,0,0,0,0,0,0,0,0,0,0,0,0,0,0,0,0,0,0,0,0,0,0,0,0,0]
[345,0,0,0,0,0,0]-[0,0,0,429184,0,0,0,0,0,0,0,0,0,0,0,0,0,0,0,0,0,0,0,0,0,0,0,0,0,0,0,0]
[228,0,0,0,0,0,0]-[0,3491840,0,0,0,0,0,0,0,0,0,0,0,0,0,0,0,0,0,0,0,0,0,0,0,0,0,0,0,0,0,0]
[112,0,0,0,0,0,0]-[0,0,0,0,2150694912,0,0,0,0,0,0,0,0,0,0,0,0,0,0,0,0,0,0,0,0,0,0,0,0,0,0,0]
[571,0,0,0,0,0,0]-[75497472,10,0,0,0,0,0,0,0,0,0,0,0,0,0,0,0,0,0,0,0,0,0,0,0,0,0,0,0,0,0,0]
[995,0,0,0,0,0,0]-[0,0,0,0,0,557842432,48,0,0,0,0,0,0,0,0,0,0,0,0,0,0,0,0,0,0,0,0,0,0,0,0,0]
[389,0,0,0,0,0,0]-[0,0,1208156160,0,0,0,0,0,0,0,0,0,0,0,0,0,0,0,0,0,0,0,0,0,0,0,0,0,0,0,0,0]
[305,0,0,0,0,0,0]-[0,0,2183397376,0,0,671088640,18,0,0,0,0,0,0,0,0,0,0,0,0,0,0,0,0,0,0,0,0,0,0,0,0,0]
[167,0,0,0,0,0,0]-[0,0,1210580992,0,0,0,0,0,0,0,0,0,0,0,0,0,0,0,0,0,0,0,0,0,0,0,0,0,0,0,0,0]
[97,0,0,0,0,0,0]-[0,0,0,0,270680064,0,0,0,0,0,0,0,0,0,0,0,0,0,0,0,0,0,0,0,0,0,0,0,0,0,0,0]
[218,0,0,0,0,0,0]-[0,0,0,8520064,50356224,0,0,0,0,0,0,0,0,0,0,0,0,0,0,0,0,0,0,0,0,0,0,0,0,0,0,0]
[405,0,0,0,0,0,0]-[0,0,144965632,12715136,0,0,0,0,0,0,0,0,0,0,0,0,0,0,0,0,0,0,0,0,0,0,0,0,0,0,0,0]
[830,0,0,0,0,0,0]-[0,128102144,33882112,2,0,0,0,0,0,0,0,0,0,0,0,0,0,0,0,0,0,0,0,0,0,0,0,0,0,0,0,0]
[295,0,0,0,0,0,0]-[2171600896,24,0,0,0,3221225472,132,0,0,0,0,0,0,0,0,0,0,0,0,0,0,0,0,0,0,0,0,0,0,0,0,0]
[681,0,0,0,0,0,0]-[0,0,0,2432696320,64,0,0,0,0,0,0,0,0,0,0,0,0,0,0,0,0,0,0,0,0,0,0,0,0,0,0,0]
[849,0,0,0,0,0,0]-[0,0,2148401152,0,0,0,0,0,0,0,0,0,0,0,0,0,0,0,0,0,0,0,0,0,0,0,0,0,0,0,0,0]
[307,0,0,0,0,0,0]-[0,0,0,0,0,545259520,68,0,0,0,0,0,0,0,0,0,0,0,0,0,0,0,0,0,0,0,0,0,0,0,0,0]
[609,0,0,0,0,0,0]-[0,0,0,0,0,543424593,16,0,0,0,0,0,0,0,0,0,0,0,0,0,0,0,0,0,0,0,0,0,0,0,0,0]
[554,0,0,0,0,0,0]-[0,0,0,0,156237824,0,0,0,0,0,0,0,0,0,0,0,0,0,0,0,0,0,0,0,0,0,0,0,0,0,0,0]
[724,0,0,0,0,0,0]-[0,167857152,0,0,0,0,0,0,0,0,0,0,0,0,0,0,0,0,0,0,0,0,0,0,0,0,0,0,0,0,0,0]
[262,0,0,0,0,0,0]-[0,0,0,0,0,2167406592,128,0,0,0,0,0,0,0,0,0,0,0,0,0,0,0,0,0,0,0,0,0,0,0,0,0]
[116,0,0,0,0,0,0]-[0,0,0,0,2200010752,0,0,0,0,0,0,0,0,0,0,0,0,0,0,0,0,0,0,0,0,0,0,0,0,0,0,0]
[94,0,0,0,0,0,0]-[310378496,4,32856,3232544,0,0,0,0,0,0,0,0,0,0,0,0,0,0,0,0,0,0,0,0,0,0,0,0,0,0,0,0]
[479,0,0,0,0,0,0]-[0,0,0,15925888,0,0,0,0,0,0,0,0,0,0,0,0,0,0,0,0,0,0,0,0,0,0,0,0,0,0,0,0]
[854,0,0,0,0,0,0]-[0,139994112,0,36960,0,0,0,0,0,0,0,0,0,0,0,0,0,0,0,0,0,0,0,0,0,0,0,0,0,0,0,0]
[292,0,0,0,0,0,0]-[0,0,0,0,17629184,0,0,0,0,0,0,0,0,0,0,0,0,0,0,0,0,0,0,0,0,0,0,0,0,0,0,0]
[538,0,0,0,0,0,0]-[196617,0,0,0,0,0,0,0,0,0,0,0,0,0,0,0,0,0,0,0,0,0,0,0,0,0,0,0,0,0,0,0]
[333,0,0,0,0,0,0]-[0,2147483648,16393,0,0,0,0,0,0,0,0,0,0,0,0,0,0,0,0,0,0,0,0,0,0,0,0,0,0,0,0,0]
[892,0,0,0,0,0,0]-[0,50340864,268763540,6,1316,0,0,0,0,0,0,0,0,0,0,0,0,0,0,0,0,0,0,0,0,0,0,0,0,0,0,0]
[239,0,0,0,0,0,0]-[0,0,0,150994944,5,0,0,0,0,0,0,0,0,0,0,0,0,0,0,0,0,0,0,0,0,0,0,0,0,0,0,0]
[24,0,0,0,0,0,0]-[0,0,0,1644167168,1005,0,0,0,0,0,0,0,0,0,0,0,0,0,0,0,0,0,0,0,0,0,0,0,0,0,0,0]
[506,0,0,0,0,0,0]-[0,0,1604,0,0,0,0,0,0,0,0,0,0,0,0,0,0,0,0,0,0,0,0,0,0,0,0,0,0,0,0,0]
[453,0,0,0,0,0,0]-[0,0,1610743808,4,0,0,0,0,0,0,0,0,0,0,0,0,0,0,0,0,0,0,0,0,0,0,0,0,0,0,0,0]
[278,0,0,0,0,0,0]-[1110441984,0,0,405504,0,0,0,0,0,0,0,0,0,0,0,0,0,0,0,0,0,0,0,0,0,0,0,0,0,0,0,0]
[335,0,0,0,0,0,0]-[0,2415919104,1128,0,0,0,0,0,0,0,0,0,0,0,0,0,0,0,0,0,0,0,0,0,0,0,0,0,0,0,0,0]
[537,0,0,0,0,0,0]-[0,0,0,371236880,2483045136,0,0,0,0,0,0,0,0,0,0,0,0,0,0,0,0,0,0,0,0,0,0,0,0,0,0,0]
[632,0,0,0,0,0,0]-[0,0,0,1426063360,1776,0,0,0,0,0,0,0,0,0,0,0,0,0,0,0,0,0,0,0,0,0,0,0,0,0,0,0]
[323,0,0,0,0,0,0]-[0,2684354560,72,0,0,2160066560,33,0,0,0,0,0,0,0,0,0,0,0,0,0,0,0,0,0,0,0,0,0,0,0,0,0]
[1011,0,0,0,0,0,0]-[311424,12714240,0,0,0,0,0,0,0,0,0,0,0,0,0,0,0,0,0,0,0,0,0,0,0,0,0,0,0,0,0,0]
[838,0,0,0,0,0,0]-[0,0,0,1081440,0,0,0,0,0,0,0,0,0,0,0,0,0,0,0,0,0,0,0,0,0,0,0,0,0,0,0,0]
[536,0,0,0,0,0,0]-[0,0,0,0,2752,0,0,0,0,0,0,0,0,0,0,0,0,0,0,0,0,0,0,0,0,0,0,0,0,0,0,0]
[658,0,0,0,0,0,0]-[0,0,0,0,671158272,0,0,0,0,0,0,0,0,0,0,0,0,0,0,0,0,0,0,0,0,0,0,0,0,0,0,0]
[68,0,0,0,0,0,0]-[0,0,0,0,2149662720,0,0,0,0,0,0,0,0,0,0,0,0,0,0,0,0,0,0,0,0,0,0,0,0,0,0,0]
[382,0,0,0,0,0,0]-[0,0,284,0,0,0,0,0,0,0,0,0,0,0,0,0,0,0,0,0,0,0,0,0,0,0,0,0,0,0,0,0]
[371,0,0,0,0,0,0]-[0,1073741824,25668,0,0,1226833920,53,0,0,0,0,0,0,0,0,0,0,0,0,0,0,0,0,0,0,0,0,0,0,0,0,0]
[770,0,0,0,0,0,0]-[0,0,0,0,0,2685403136,64,0,0,0,0,0,0,0,0,0,0,0,0,0,0,0,0,0,0,0,0,0,0,0,0,0]
[855,0,0,0,0,0,0]-[0,142086656,0,0,0,0,0,0,0,0,0,0,0,0,0,0,0,0,0,0,0,0,0,0,0,0,0,0,0,0,0,0]
[381,0,0,0,0,0,0]-[612368384,40,0,0,2722238464,0,0,0,0,0,0,0,0,0,0,0,0,0,0,0,0,0,0,0,0,0,0,0,0,0,0,0]
[683,0,0,0,0,0,0]-[0,0,169345024,2231369728,1024,0,0,0,0,0,0,0,0,0,0,0,0,0,0,0,0,0,0,0,0,0,0,0,0,0,0,0]
[436,0,0,0,0,0,0]-[0,0,1208025088,8,0,0,0,0,0,0,0,0,0,0,0,0,0,0,0,0,0,0,0,0,0,0,0,0,0,0,0,0]
[726,0,0,0,0,0,0]-[278562,5775360,0,0,0,269484032,65,0,0,0,0,0,0,0,0,0,0,0,0,0,0,0,0,0,0,0,0,0,0,0,0,0]
[424,0,0,0,0,0,0]-[0,0,0,50331648,576,0,0,0,0,0,0,0,0,0,0,0,0,0,0,0,0,0,0,0,0,0,0,0,0,0,0,0]
[513,0,0,0,0,0,0]-[0,0,0,0,436224000,2952790016,3,0,0,0,0,0,0,0,0,0,0,0,0,0,0,0,0,0,0,0,0,0,0,0,0,0]
[88,0,0,0,0,0,0]-[0,0,32902,940904448,2147575456,0,0,0,0,0,0,0,0,0,0,0,0,0,0,0,0,0,0,0,0,0,0,0,0,0,0,0]
[677,0,0,0,0,0,0]-[0,25694208,0,0,0,33283,0,0,0,0,0,0,0,0,0,0,0,0,0,0,0,0,0,0,0,0,0,0,0,0,0,0]
[998,0,0,0,0,0,0]-[0,0,2433220608,0,0,18435,0,0,0,0,0,0,0,0,0,0,0,0,0,0,0,0,0,0,0,0,0,0,0,0,0,0]
[930,0,0,0,0,0,0]-[272450,0,0,0,0,2169503744,144,0,0,0,0,0,0,0,0,0,0,0,0,0,0,0,0,0,0,0,0,0,0,0,0,0]
[732,0,0,0,0,0,0]-[525346,168042496,8978432,134217736,1041,0,0,0,0,0,0,0,0,0,0,0,0,0,0,0,0,0,0,0,0,0,0,0,0,0,0,0]
[637,0,0,0,0,0,0]-[0,67134464,0,1140850688,288,0,0,0,0,0,0,0,0,0,0,0,0,0,0,0,0,0,0,0,0,0,0,0,0,0,0,0]
[289,0,0,0,0,0,0]-[22020096,2,0,0,0,1610612736,6,0,0,0,0,0,0,0,0,0,0,0,0,0,0,0,0,0,0,0,0,0,0,0,0,0]
[302,0,0,0,0,0,0]-[0,0,0,0,0,3145728,141,0,0,0,0,0,0,0,0,0,0,0,0,0,0,0,0,0,0,0,0,0,0,0,0,0]
[698,0,0,0,0,0,0]-[0,0,0,3288334336,3843,0,0,0,0,0,0,0,0,0,0,0,0,0,0,0,0,0,0,0,0,0,0,0,0,0,0,0]
[958,0,0,0,0,0,0]-[0,8522752,0,0,0,0,0,0,0,0,0,0,0,0,0,0,0,0,0,0,0,0,0,0,0,0,0,0,0,0,0,0]
[143,0,0,0,0,0,0]-[0,0,0,12714016,0,0,0,0,0,0,0,0,0,0,0,0,0,0,0,0,0,0,0,0,0,0,0,0,0,0,0,0]
[287,0,0,0,0,0,0]-[0,0,0,0,0,1149239296,1,0,0,0,0,0,0,0,0,0,0,0,0,0,0,0,0,0,0,0,0,0,0,0,0,0]
[757,0,0,0,0,0,0]-[0,144719872,0,0,0,0,0,0,0,0,0,0,0,0,0,0,0,0,0,0,0,0,0,0,0,0,0,0,0,0,0,0]
[755,0,0,0,0,0,0]-[2236608,35,0,0,0,269484032,17,0,0,0,0,0,0,0,0,0,0,0,0,0,0,0,0,0,0,0,0,0,0,0,0,0]
[521,0,0,0,0,0,0]-[0,0,0,0,101728256,0,0,0,0,0,0,0,0,0,0,0,0,0,0,0,0,0,0,0,0,0,0,0,0,0,0,0]
[57,0,0,0,0,0,0]-[0,0,0,0,3188883456,699400192,66,0,0,0,0,0,0,0,0,0,0,0,0,0,0,0,0,0,0,0,0,0,0,0,0,0]
[526,0,0,0,0,0,0]-[196865,2147483648,4836,4198944,43008000,0,0,0,0,0,0,0,0,0,0,0,0,0,0,0,0,0,0,0,0,0,0,0,0,0,0,0]
[109,0,0,0,0,0,0]-[557842432,64,0,453313568,0,0,0,0,0,0,0,0,0,0,0,0,0,0,0,0,0,0,0,0,0,0,0,0,0,0,0,0]
[878,0,0,0,0,0,0]-[140032,0,0,0,0,5242880,96,0,0,0,0,0,0,0,0,0,0,0,0,0,0,0,0,0,0,0,0,0,0,0,0,0]
[216,0,0,0,0,0,0]-[0,0,0,536970752,656,0,0,0,0,0,0,0,0,0,0,0,0,0,0,0,0,0,0,0,0,0,0,0,0,0,0,0]
[87,0,0,0,0,0,0]-[608174080,33,0,671088640,156,0,0,0,0,0,0,0,0,0,0,0,0,0,0,0,0,0,0,0,0,0,0,0,0,0,0,0]
[264,0,0,0,0,0,0]-[50331648,40,0,0,0,0,0,0,0,0,0,0,0,0,0,0,0,0,0,0,0,0,0,0,0,0,0,0,0,0,0,0]
[144,0,0,0,0,0,0]-[0,0,0,0,135593984,0,0,0,0,0,0,0,0,0,0,0,0,0,0,0,0,0,0,0,0,0,0,0,0,0,0,0]
[946,0,0,0,0,0,0]-[0,0,2550136832,8,0,0,0,0,0,0,0,0,0,0,0,0,0,0,0,0,0,0,0,0,0,0,0,0,0,0,0,0]
[115,0,0,0,0,0,0]-[538968064,3,0,0,0,0,0,0,0,0,0,0,0,0,0,0,0,0,0,0,0,0,0,0,0,0,0,0,0,0,0,0]
[976,0,0,0,0,0,0]-[19592,0,0,0,0,0,0,0,0,0,0,0,0,0,0,0,0,0,0,0,0,0,0,0,0,0,0,0,0,0,0,0]
[193,0,0,0,0,0,0]-[0,0,0,0,1208008704,0,0,0,0,0,0,0,0,0,0,0,0,0,0,0,0,0,0,0,0,0,0,0,0,0,0,0]
[322,0,0,0,0,0,0]-[0,2147483648,3238010890,8,0,2166358016,32,0,0,0,0,0,0,0,0,0,0,0,0,0,0,0,0,0,0,0,0,0,0,0,0,0]
[735,0,0,0,0,0,0]-[0,0,545816660,1626357778,1424,0,0,0,0,0,0,0,0,0,0,0,0,0,0,0,0,0,0,0,0,0,0,0,0,0,0,0]
[517,0,0,0,0,0,0]-[0,34115584,0,0,637550592,0,0,0,0,0,0,0,0,0,0,0,0,0,0,0,0,0,0,0,0,0,0,0,0,0,0,0]
[98,0,0,0,0,0,0]-[2250244096,164,0,0,0,0,0,0,0,0,0,0,0,0,0,0,0,0,0,0,0,0,0,0,0,0,0,0,0,0,0,0]
[312,0,0,0,0,0,0]-[0,0,0,0,817233920,0,0,0,0,0,0,0,0,0,0,0,0,0,0,0,0,0,0,0,0,0,0,0,0,0,0,0]
[36,0,0,0,0,0,0]-[0,398336,0,0,151552000,0,0,0,0,0,0,0,0,0,0,0,0,0,0,0,0,0,0,0,0,0,0,0,0,0,0,0]
[1017,0,0,0,0,0,0]-[548868,10494208,0,0,2449477632,0,0,0,0,0,0,0,0,0,0,0,0,0,0,0,0,0,0,0,0,0,0,0,0,0,0,0]
[330,0,0,0,0,0,0]-[0,2415919104,10,0,0,0,0,0,0,0,0,0,0,0,0,0,0,0,0,0,0,0,0,0,0,0,0,0,0,0,0,0]
[503,0,0,0,0,0,0]-[69206016,33,0,0,0,679477248,16,0,0,0,0,0,0,0,0,0,0,0,0,0,0,0,0,0,0,0,0,0,0,0,0,0]
[310,0,0,0,0,0,0]-[0,0,25728,0,0,0,0,0,0,0,0,0,0,0,0,0,0,0,0,0,0,0,0,0,0,0,0,0,0,0,0,0]
[447,0,0,0,0,0,0]-[0,0,1111556096,0,0,0,0,0,0,0,0,0,0,0,0,0,0,0,0,0,0,0,0,0,0,0,0,0,0,0,0,0]
[135,0,0,0,0,0,0]-[0,0,0,4325424,4476928,3221225472,130,0,0,0,0,0,0,0,0,0,0,0,0,0,0,0,0,0,0,0,0,0,0,0,0,0]
[43,0,0,0,0,0,0]-[147600,0,0,0,0,1543503872,104,0,0,0,0,0,0,0,0,0,0,0,0,0,0,0,0,0,0,0,0,0,0,0,0,0]
[254,0,0,0,0,0,0]-[0,0,0,1209008944,5,0,0,0,0,0,0,0,0,0,0,0,0,0,0,0,0,0,0,0,0,0,0,0,0,0,0,0]
[867,0,0,0,0,0,0]-[3240099840,0,0,0,0,0,0,0,0,0,0,0,0,0,0,0,0,0,0,0,0,0,0,0,0,0,0,0,0,0,0,0]
[996,0,0,0,0,0,0]-[282626,0,0,0,0,0,0,0,0,0,0,0,0,0,0,0,0,0,0,0,0,0,0,0,0,0,0,0,0,0,0,0]
[522,0,0,0,0,0,0]-[0,0,0,3774915104,1280,536870912,73,0,0,0,0,0,0,0,0,0,0,0,0,0,0,0,0,0,0,0,0,0,0,0,0,0]
[243,0,0,0,0,0,0]-[69206016,3,0,0,0,0,0,0,0,0,0,0,0,0,0,0,0,0,0,0,0,0,0,0,0,0,0,0,0,0,0,0]
[27,0,0,0,0,0,0]-[1077936128,9,0,0,0,203423744,64,0,0,0,0,0,0,0,0,0,0,0,0,0,0,0,0,0,0,0,0,0,0,0,0,0]
[379,0,0,0,0,0,0]-[2432696320,106,0,0,288436224,0,0,0,0,0,0,0,0,0,0,0,0,0,0,0,0,0,0,0,0,0,0,0,0,0,0,0]
[646,0,0,0,0,0,0]-[0,4788224,0,0,0,0,0,0,0,0,0,0,0,0,0,0,0,0,0,0,0,0,0,0,0,0,0,0,0,0,0,0]
[126,0,0,0,0,0,0]-[0,0,0,4880,0,0,0,0,0,0,0,0,0,0,0,0,0,0,0,0,0,0,0,0,0,0,0,0,0,0,0,0]
[309,0,0,0,0,0,0]-[0,0,136577024,4,0,0,0,0,0,0,0,0,0,0,0,0,0,0,0,0,0,0,0,0,0,0,0,0,0,0,0,0]
[445,0,0,0,0,0,0]-[0,0,10551296,6292612,0,0,0,0,0,0,0,0,0,0,0,0,0,0,0,0,0,0,0,0,0,0,0,0,0,0,0,0]
[149,0,0,0,0,0,0]-[0,0,0,140304,0,0,0,0,0,0,0,0,0,0,0,0,0,0,0,0,0,0,0,0,0,0,0,0,0,0,0,0]
[848,0,0,0,0,0,0]-[0,0,9699328,4,1660944384,0,0,0,0,0,0,0,0,0,0,0,0,0,0,0,0,0,0,0,0,0,0,0,0,0,0,0]
[750,0,0,0,0,0,0]-[0,0,3222798336,1090519044,5,0,0,0,0,0,0,0,0,0,0,0,0,0,0,0,0,0,0,0,0,0,0,0,0,0,0,0]
[979,0,0,0,0,0,0]-[589956,0,2692874240,0,0,0,0,0,0,0,0,0,0,0,0,0,0,0,0,0,0,0,0,0,0,0,0,0,0,0,0,0]
[14,0,0,0,0,0,0]-[0,0,0,0,0,1410334720,0,0,0,0,0,0,0,0,0,0,0,0,0,0,0,0,0,0,0,0,0,0,0,0,0,0]
[425,0,0,0,0,0,0]-[0,0,0,9376,0,0,0,0,0,0,0,0,0,0,0,0,0,0,0,0,0,0,0,0,0,0,0,0,0,0,0,0]
[224,0,0,0,0,0,0]-[0,134496512,0,0,1094729728,0,0,0,0,0,0,0,0,0,0,0,0,0,0,0,0,0,0,0,0,0,0,0,0,0,0,0]
[688,0,0,0,0,0,0]-[0,0,0,167772160,576,0,0,0,0,0,0,0,0,0,0,0,0,0,0,0,0,0,0,0,0,0,0,0,0,0,0,0]
[65,0,0,0,0,0,0]-[0,0,0,0,1614823424,0,0,0,0,0,0,0,0,0,0,0,0,0,0,0,0,0,0,0,0,0,0,0,0,0,0,0]
[516,0,0,0,0,0,0]-[0,2181628416,2240,0,134430720,0,0,0,0,0,0,0,0,0,0,0,0,0,0,0,0,0,0,0,0,0,0,0,0,0,0,0]
[102,0,0,0,0,0,0]-[0,0,0,0,0,3145728,34,0,0,0,0,0,0,0,0,0,0,0,0,0,0,0,0,0,0,0,0,0,0,0,0,0]
