[0,0,67109376,0,0,0,0,0,256,0,0,0,0,0,0,0]-[0,268435464,0,1048576,131072]
[0,128,0,0,0,0,0,0,0,0,0,0,1048576,0,0,0]-[131072,33554440,0,4194304,0]
[0,0,0,0,0,0,0,0,0,0,67108864,0,0,128,0,0]-[131076,0,2147483648,16,0]
[0,0,67108864,0,0,0,0,0,4,0,0,0,0,128,0,0]-[0,1,2148532224,65552,0]
[0,0,67108864,0,0,0,0,0,0,0,0,0,0,0,131072,0]-[0,1,1048576,4194432,0]
[1048576,0,67108864,0,0,0,8192,0,0,0,0,0,0,0,0,0]-[0,0,0,65808,2048]
[0,0,67108864,0,0,0,0,16,0,0,0,0,0,0,536870912,0]-[0,268435464,0,48,0]
[0,4096,0,0,0,0,0,0,0,2147483648,0,0,0,0,0,0]-[0,0,4,1073807616,0]
[0,0,128,0,0,0,0,0,0,0,0,0,0,0,33554432,0]-[1179904,0,134217728,4194336,0]
[0,0,0,0,0,0,0,0,0,0,0,0,1048576,0,33554432,0]-[1179648,42,134217728,4194304,8]
[0,1048576,16777216,0,0,0,0,0,0,0,0,0,1310720,0,0,0]-[0,2,0,4259840,1024]
[0,128,0,0,0,0,0,0,0,0,4096,0,128,0,0,0]-[8388864,1,64,0,0]
[0,0,16777216,1,0,0,0,0,0,0,0,0,0,0,0,0]-[0,301989890,1048576,0,2048]
[0,0,0,0,16777216,0,0,8,0,0,0,0,0,0,0,0]-[8388864,0,2,1048576,0]
[0,16,0,0,0,0,0,0,0,0,0,0,0,128,0,0]-[131072,0,2,65552,0]
[0,268435456,67108864,0,0,0,0,0,0,0,0,0,0,0,0,0]-[4096,1,2148532228,4194688,2048]
[128,0,0,0,0,0,0,256,0,0,0,0,0,0,0,0]-[512,0,0,5308416,0]
[0,0,67108864,0,0,0,0,0,1073741824,0,0,0,0,0,0,0]-[4096,1,2147483648,0,524288]
[128,0,0,0,0,0,0,0,135266304,0,0,0,262144,0,0,0]-[0,67108867,2,0,0]
[0,0,67108864,0,0,0,0,0,134217728,0,0,0,1048576,0,0,0]-[8388608,67108873,0,272,0]
[128,131072,83886080,0,0,0,0,0,0,0,0,0,0,0,0,0]-[0,268435456,0,4194344,0]
[0,0,0,0,0,0,8192,0,0,0,0,0,0,128,33554432,0]-[1179648,67108864,0,32,0]
[0,0,0,0,256,0,0,0,1048576,0,0,0,0,128,0,262144]-[131072,0,1,16,524288]
[128,0,67108864,0,0,0,0,0,1048576,0,0,0,0,536870912,0,0]-[0,268435456,0,2151677968,131072]
[0,0,0,0,2097152,0,0,0,0,0,0,0,1048576,0,0,0]-[1052672,41,0,2147483648,0]
[128,0,0,0,0,0,0,0,0,0,0,0,0,536871040,0,0]-[0,268435456,131072,1073741840,0]
[0,0,128,0,0,64,0,0,0,0,0,0,0,0,0,0]-[131104,0,0,1048608,0]
[0,0,0,0,0,0,0,0,0,65536,0,0,4096,0,0,0]-[0,0,2147483908,1073741824,0]
[0,0,0,0,0,256,0,0,537919488,2097152,0,0,0,0,0,0]-[131072,301990016,0,0,0]
[0,0,0,0,0,0,0,16,0,0,0,0,0,0,33554432,0]-[0,2,4,4194304,8]
[0,0,0,0,0,0,0,0,0,0,0,0,1048576,0,603979776,0]-[8388608,0,0,65552,8]
[0,0,0,0,0,0,0,16777216,2147483648,0,0,0,0,0,0,0]-[8388608,0,65,2147483648,0]
[0,128,0,0,0,0,0,0,0,0,0,0,0,64,0,0]-[135168,0,0,0,131088]
[0,0,0,16,0,0,0,0,0,0,0,0,262144,0,0,0]-[256,0,0,4259840,131072]
[0,0,67108864,0,0,0,8192,0,134217728,0,0,0,0,128,0,0]-[0,1,4,48,0]
[0,0,67108864,0,8,0,0,0,0,0,0,0,0,0,0,0]-[0,0,260,1048592,0]
[0,0,0,0,0,0,0,0,536870912,0,0,0,262144,0,0,0]-[256,2,256,32,0]
[0,0,0,0,0,0,4,0,0,0,0,0,1048576,0,0,0]-[1179649,3,0,2147483648,0]
[0,0,0,0,0,0,0,0,0,0,4096,0,0,0,0,256]-[8392704,32,64,0,0]
[0,0,67108864,0,0,0,0,0,0,0,0,0,0,0,536870912,0]-[8388608,268435464,0,2147549232,16]
[0,0,67108864,0,0,0,0,0,0,512,0,0,0,0,0,0]-[8388608,33554432,2147483648,4194304,2048]
[0,1024,0,0,0,0,0,16,0,0,0,0,1048576,0,0,0]-[1052672,1,0,0,8]
[4,0,0,0,0,0,0,1073741824,0,0,0,0,1048576,0,0,0]-[1048576,33554433,0,1048576,0]
[0,0,0,0,0,0,0,0,0,0,4096,0,1048576,128,0,0]-[0,67108897,1,65544,0]
[0,0,0,0,0,0,64,0,0,0,0,0,1048576,0,33554432,0]-[1048576,67108872,0,4194304,0]
[0,0,83886080,0,0,0,0,0,0,0,0,0,1048576,0,0,0]-[8388608,33554433,0,2147483648,0]
[0,0,0,0,0,0,64,0,134217728,0,0,0,0,0,0,0]-[0,10,0,256,2048]
[0,0,0,0,0,256,0,0,1048576,0,0,0,0,0,0,0]-[131328,301990016,65,2147483904,131072]
[0,0,0,0,0,0,0,0,1048576,0,0,0,0,0,33554944,0]-[1048576,10,4,0,0]
[0,0,0,16,0,16384,0,0,0,0,16384,0,1024,0,0,0]-[8388608,67108864,1,0,16]
[0,0,67108864,0,0,0,0,0,1048576,536870912,0,0,0,0,0,0]-[4,268435456,0,1048592,0]
[0,0,0,0,0,8256,0,0,0,0,0,0,0,0,67108864,0]-[256,268435456,134217728,1073741824,0]
[0,0,0,32,0,0,0,0,1048576,0,0,0,0,0,0,0]-[4,128,1,1048576,0]
[0,0,0,1024,0,0,8192,0,0,0,0,0,0,0,33554432,0]-[1179648,0,4,0,2048]
[512,128,0,0,0,0,0,0,0,0,0,0,0,0,0,0]-[1048576,161,0,0,0]
[0,131072,67108864,0,0,0,0,0,0,0,0,0,1048576,0,0,0]-[4096,268435496,0,4194312,0]
[0,0,134217728,0,0,0,0,0,0,0,0,0,0,128,0,0]-[0,268435456,2147483653,8,0]
[0,0,0,0,0,0,0,32,536870912,0,0,0,262144,0,0,0]-[0,3,256,0,131072]
[512,0,0,0,0,0,0,0,0,0,0,0,0,0,33554432,0]-[1179648,160,0,0,0]
[0,0,268435456,0,0,0,0,0,0,0,0,0,1048577,128,33554432,0]-[1179648,67108896,0,0,0]
[128,0,0,0,0,0,0,0,1048576,0,0,0,0,0,0,0]-[131104,335544323,0,3226468528,655376]
[0,0,0,0,536870912,0,0,0,0,0,0,0,0,128,0,0]-[1179648,1,0,0,131072]
[0,0,0,0,33554432,0,0,0,0,0,0,0,0,128,0,0]-[0,0,2,1073807376,0]
[0,0,67108864,0,0,4194304,0,0,0,0,0,0,0,0,0,0]-[0,268435457,0,384,0]
[0,268435456,0,0,0,0,8192,0,0,0,524288,0,0,0,0,0]-[0,67108993,0,256,0]
[0,0,1048576,0,0,0,0,0,0,0,4096,0,0,0,0,0]-[8392960,0,0,0,8]
[262144,0,67108864,0,0,0,0,0,0,0,0,0,1048576,0,0,0]-[0,33554432,0,2148597760,0]
[0,128,0,0,0,0,0,0,16777216,0,0,0,0,0,0,0]-[135296,0,0,1073741824,0]
[0,0,67108864,0,0,0,4096,0,0,0,0,0,0,0,0,0]-[0,40,2147483648,2148597760,2064]
[0,0,67108864,0,0,2,0,0,0,0,0,0,0,0,0,0]-[32,0,2147483648,1048592,0]
[128,0,67108864,0,0,0,0,0,1048576,0,0,0,0,0,67108864,0]-[0,0,0,2151678080,16]
[0,0,0,0,0,256,0,0,0,0,0,0,0,128,0,0]-[1179648,268435456,131073,0,131072]
[0,0,0,0,0,0,0,16,0,0,1073741824,0,1048576,0,0,0]-[0,3,0,8,8]
[0,0,67108864,0,0,0,0,0,0,0,0,0,1048576,0,33554432,0]-[8388608,33554433,0,16,0]
[0,0,0,32,0,0,0,0,0,0,0,0,0,128,0,0]-[131072,32,1048576,1073741824,0]
[0,0,0,0,0,0,0,268435456,0,0,0,0,1048576,0,0,0]-[4097,10,0,0,0]
[0,0,67108864,0,0,0,0,0,134217728,0,0,0,0,0,0,0]-[8388644,335544329,260,1114544,2064]
[0,0,0,0,67108864,0,0,0,0,0,0,0,1048576,0,0,0]-[1179648,40,0,2147483656,0]
[0,0,0,0,0,0,0,8192,0,0,0,0,0,0,0,262144]-[8519680,0,0,16,524288]
[0,0,67108864,0,0,0,0,0,0,0,0,32,0,0,0,0]-[8388608,268435456,0,65680,131088]
[128,0,0,0,0,0,0,0,0,0,0,0,0,128,0,0]-[1180160,268435489,2147614720,1073807544,655360]
[0,0,67108864,0,0,256,0,0,0,0,0,0,1048576,128,0,0]-[0,67108896,0,65560,0]
[0,0,0,0,0,0,0,0,1048576,0,4096,0,0,0,0,0]-[256,32,65,4194688,0]
[0,0,0,0,0,128,0,0,0,0,4096,0,1310720,0,0,0]-[0,67108865,1,256,0]
[0,0,0,0,0,0,0,16777216,1048576,0,0,0,0,0,0,0]-[0,32,1,2147483776,0]
[0,0,67108864,0,0,8192,0,0,0,0,0,0,262144,0,0,0]-[8388608,8,0,8,2048]
[0,0,0,0,0,256,8192,0,0,0,0,0,0,0,33554432,0]-[1179648,128,4,0,0]
[0,0,0,0,0,0,0,0,0,0,4096,0,537919488,0,0,0]-[4096,67108864,0,65536,8]
[0,128,67108864,0,0,0,0,16,0,0,0,0,0,0,0,0]-[4096,0,4,4194304,131072]
[128,0,0,0,0,0,0,134217728,0,0,0,0,0,0,0,0]-[131584,0,0,1114112,0]
[0,0,0,0,0,0,0,0,131072,0,4096,0,1048832,0,0,0]-[0,8,1,4194560,0]
[128,0,0,0,0,0,0,0,135266304,0,0,0,0,0,0,0]-[8388608,67108866,2,0,0]
[128,0,67108864,0,0,0,0,16,1048576,0,0,0,0,0,0,0]-[0,268435456,0,2147483824,0]
[0,0,0,0,0,0,0,0,1048576,0,524288,0,1048576,0,0,0]-[131072,33554432,1,1048592,0]
[128,0,0,0,16384,0,0,0,0,0,0,0,0,0,0,0]-[134348800,0,0,1114112,0]
[64,0,67108864,0,0,0,0,0,0,0,0,0,0,0,0,0]-[4096,8,0,0,2064]
[0,0,67108864,0,0,0,0,16,0,0,0,0,0,0,33554432,0]-[0,67108872,2147483648,32,2048]
[0,0,67108864,0,67108864,0,0,0,0,0,0,0,0,536870912,0,0]-[0,1,0,4194320,524288]
[0,0,67108864,134217728,0,0,0,0,0,0,0,0,1048576,0,0,0]-[0,268435456,0,2147549440,0]
[0,0,67108864,0,0,64,0,0,0,0,0,0,1048576,0,0,0]-[0,67108896,0,1048584,0]
[0,256,0,0,0,8192,0,0,0,0,0,0,0,0,0,0]-[256,0,4,65552,0]
[0,0,0,0,0,0,0,0,16777216,0,0,0,0,0,8,0]-[256,1,1,0,16]
[0,0,0,0,0,0,0,16,0,0,4096,0,0,1048576,0,0]-[8393216,0,0,4194304,0]
[0,128,0,0,0,0,64,0,0,0,0,0,0,0,0,0]-[1048576,128,0,1048832,0]
[0,0,67108864,0,131072,0,0,0,0,0,0,0,0,0,0,0]-[0,1,0,4194344,16]
[0,1024,0,0,0,0,0,16,0,0,0,0,0,0,0,0]-[9441280,1,0,0,131072]
[0,0,0,2,0,0,0,0,1048576,0,0,0,0,128,0,0]-[131076,0,1,16,0]
[0,0,67108864,0,0,0,0,0,1,0,0,0,0,0,0,0]-[0,1,1048576,2147549184,0]
[0,0,0,0,0,0,0,0,0,0,4096,0,0,128,0,0]-[1048580,268435488,2148532231,1073807512,0]
[0,0,0,0,0,0,64,0,0,0,0,0,0,0,33554432,0]-[1048576,67109000,0,4194304,2048]
[0,0,0,0,0,32,0,0,0,0,0,0,1048576,0,0,0]-[8388609,2,0,16,0]
[0,0,0,0,0,0,0,0,0,0,0,8192,1048576,0,0,0]-[131073,8,0,1048576,0]
[0,0,83886080,0,0,0,0,0,0,0,0,0,0,0,0,0]-[0,268435457,1048576,4260136,2048]
[0,0,67108864,0,0,0,0,0,2097152,0,0,0,0,0,0,0]-[4096,40,0,0,2048]
[0,0,0,0,0,0,0,0,0,16384,0,0,0,0,67108864,0]-[0,335544320,134217728,1073741824,0]
[0,0,0,0,0,0,8192,0,0,0,0,0,1048576,0,0,0]-[1183744,100663297,134217729,2147549456,8]
[0,0,0,0,1073741824,0,0,0,0,0,0,0,0,128,0,0]-[131840,0,1,1077936384,2048]
[0,0,0,0,0,0,0,0,0,16384,0,0,1048576,0,0,0]-[9437184,268435456,0,8,0]
[0,0,0,512,1,0,0,0,0,0,0,0,0,0,0,0]-[0,34,0,1073741824,524288]
[0,0,0,0,0,8256,0,0,0,0,0,0,0,0,0,0]-[256,268435456,134217728,1073807504,0]
[2147483648,0,67108864,0,0,0,8192,0,0,0,0,0,0,0,0,0]-[0,67108865,0,65536,16]
[0,0,67108864,0,0,0,0,0,0,0,4096,0,1048576,128,0,0]-[0,33,0,65544,0]
[0,131072,67108864,0,0,0,0,0,0,0,0,0,0,0,0,0]-[4096,268435488,256,65544,0]
[0,0,16777216,0,0,0,0,0,0,0,0,0,262144,0,0,0]-[0,2,1048576,4260128,0]
[0,0,0,0,0,0,0,0,0,0,0,0,1048584,0,0,0]-[1052672,1,1,65808,8]
[0,0,0,0,0,0,0,0,1048576,0,4096,0,1049600,0,0,0]-[8388608,67108865,134217728,0,0]
[0,0,67108864,0,0,256,0,0,1048576,0,0,0,0,0,0,0]-[0,67108872,0,65536,2048]
[0,0,0,0,0,0,0,0,1048576,0,0,32,0,0,67108864,0]-[0,128,0,4194432,16]
[0,0,16777216,0,0,0,8192,0,1048576,0,0,0,0,0,0,0]-[0,1,134217728,65536,2048]
[0,128,0,0,8388608,0,0,0,0,0,0,0,1048576,0,0,0]-[9437184,1,0,256,0]
[0,0,67108864,0,0,0,128,0,0,0,0,0,1048576,0,0,0]-[4096,268435456,0,264,0]
[0,0,67108864,0,0,0,0,0,0,0,0,0,536870912,0,0,0]-[4096,67108864,0,2147483648,131072]
[0,0,0,0,0,64,0,0,0,0,0,536870912,0,128,33554432,0]-[131072,67108896,0,32,0]
[0,536870912,67108864,0,0,0,0,0,0,0,0,0,0,0,0,0]-[0,0,2148532224,4194320,0]
[0,0,67108864,0,8388608,0,0,0,0,0,0,0,0,0,131072,0]-[0,9,1048576,4194304,0]
[262144,0,67108864,0,0,0,0,0,0,0,0,0,0,0,0,0]-[0,33554432,1048580,2148597888,2048]
[0,0,0,0,0,0,0,0,1048576,0,0,0,8192,128,0,0]-[4,0,1,1073741840,0]
[0,0,134217728,0,0,256,0,0,0,0,0,0,0,0,0,0]-[0,268435456,5,2147483648,0]
[0,128,67108864,0,0,0,0,0,0,0,0,0,0,0,0,0]-[142610436,67108905,260,5242880,0]
[128,0,67108864,0,0,0,0,0,1048576,0,0,0,0,0,0,0]-[0,268435456,0,2152726704,655376]
[262144,256,67108864,0,0,0,0,0,0,0,0,0,0,0,0,0]-[0,0,4,65664,2048]
[0,0,67108864,0,0,0,0,0,0,0,0,0,128,0,0,0]-[0,67108864,2147483904,4259968,2064]
[0,0,16777216,0,0,0,0,0,0,0,0,0,1048576,0,0,0]-[0,268435459,134217728,4260104,0]
[0,0,67108864,0,0,0,0,0,0,0,0,0,0,0,33554432,0]-[8388864,67109035,2148532228,4194352,2056]
[0,268435456,0,0,0,0,0,0,0,0,0,0,0,128,0,0]-[131072,0,2148532224,128,0]
[0,0,0,0,0,0,0,0,134217728,0,0,0,0,536871040,0,0]-[0,1,0,1073741840,524288]
[0,0,0,0,0,0,0,0,1073741824,0,0,0,0,128,0,0]-[0,1,2147483648,1073741824,524288]
[0,0,0,8,0,0,0,0,0,0,0,0,0,128,0,0]-[0,32,0,1073741960,0]
[0,0,0,0,0,0,0,0,134217728,0,0,0,1048576,128,0,0]-[8388608,10,0,0,8]
[0,0,0,0,256,0,0,0,0,0,4096,0,0,0,0,0]-[8388608,1,0,128,8]
[0,0,0,0,0,0,0,0,134217728,0,0,67108864,0,0,0,0]-[0,1,0,1073741824,526336]
[0,0,67108864,0,0,256,0,0,0,0,0,0,0,128,0,0]-[0,32,0,65680,0]
[0,0,67108864,8388608,67108864,0,0,0,0,0,0,0,0,0,0,0]-[0,268435456,1048576,1048704,0]
[0,0,67108864,0,0,0,0,0,0,0,0,0,0,0,0,65536]-[0,8,256,5242888,2048]
[0,0,67108864,0,0,0,0,0,0,0,0,0,0,0,64,0]-[4096,268435456,1048576,16,0]
[0,32768,0,0,0,0,268435456,0,0,0,0,0,0,0,0,0]-[32,2,0,1048608,0]
[0,131072,0,0,0,0,0,0,524288,0,0,0,0,0,0,65536]-[0,136,0,4194312,0]
[0,0,0,0,0,0,0,0,134217728,4194304,0,0,0,0,33554432,0]-[0,2,4,32,2048]
[0,0,0,0,0,0,0,16777216,0,0,4096,0,1048576,0,0,0]-[4096,32,1,8,0]
[0,0,67108864,0,2097152,0,0,0,0,0,0,0,0,0,0,0]-[4096,40,256,2147483776,0]
[0,0,67108864,0,67108864,0,0,0,0,0,0,0,1048576,0,0,0]-[0,33554433,0,4194320,0]
[0,0,0,0,0,0,0,0,0,0,0,0,262144,0,2097152,0]-[8392736,128,0,0,0]
[0,0,0,0,0,0,0,8388624,0,0,0,0,0,128,0,0]-[131072,0,1,1073807360,525312]
[0,0,0,0,0,0,0,0,0,0,0,0,1310720,0,0,0]-[1048576,3,1,4194560,1024]
[0,0,0,0,0,0,0,0,0,0,0,32,269484032,0,0,0]-[0,268435456,134217728,4194320,0]
[128,0,67108864,0,0,0,0,0,0,0,0,0,0,128,0,0]-[0,268435456,0,65720,0]
[262152,0,67108864,0,0,0,0,0,0,0,0,0,0,0,0,0]-[0,0,1048576,1114240,0]
[0,0,67108864,134217728,0,0,0,0,0,0,0,0,0,0,0,0]-[0,0,2147483648,2147549440,0]
[0,0,67108864,0,0,64,0,0,0,0,0,0,0,0,0,0]-[33,67108897,2147483908,1048616,524288]
[128,0,0,0,33554432,0,0,0,0,0,0,0,0,128,2097152,0]-[0,0,0,1073807376,524288]
[0,0,67108864,0,0,0,0,0,0,0,4096,0,537919488,0,0,0]-[4096,100663296,0,65536,0]
[0,0,0,0,0,0,0,0,2,16,0,0,1048576,0,0,0]-[1052672,0,134217728,4194304,0]
[128,0,67108864,0,0,0,0,0,135266304,0,0,0,0,0,0,0]-[0,268435456,0,1048704,131072]
[0,0,67108864,0,0,0,0,64,0,0,0,0,0,536870912,0,0]-[4,1,0,2151677952,0]
[0,0,67108864,0,0,0,0,0,0,0,0,0,0,1,0,0]-[4,1,0,4194304,2048]
[0,0,67108864,0,0,8192,0,0,0,0,0,0,0,0,0,0]-[0,33,256,1048576,131072]
[0,0,67108864,0,0,0,0,1073741824,0,0,0,0,1048576,536870912,0,0]-[4096,33554464,0,1048576,0]
[0,0,0,1,0,0,0,0,0,0,0,0,1048576,0,0,0]-[8519809,268435458,0,1048576,2]
[0,0,16777216,0,0,0,0,8388608,0,0,0,0,0,0,0,0]-[0,2,0,1073807360,1024]
[0,0,67108864,0,0,0,0,0,16777216,0,0,0,0,0,8,0]-[8388608,1,0,32,16]
[0,0,0,262144,0,64,0,0,0,0,0,0,0,0,0,0]-[8388608,0,1,256,2048]
[0,0,0,0,0,0,0,0,68157440,0,0,0,0,0,0,0]-[0,33554432,0,3221225488,0]
[0,0,67108864,0,0,0,0,0,0,0,4096,0,0,128,0,0]-[0,335544353,2147483652,152,0]
[128,0,0,0,0,0,0,0,0,0,0,16,1048576,0,0,0]-[1,67108867,0,0,0]
[0,0,67108864,16,0,0,0,0,0,0,0,0,0,0,0,0]-[8392704,67108865,2147483648,1048832,16]
[0,0,67108864,0,0,0,16777216,0,0,0,0,0,0,0,0,0]-[8392736,0,0,128,0]
[0,0,67108864,0,0,0,0,0,0,0,0,0,8388608,0,0,0]-[4097,0,0,1048576,2048]
[0,0,0,0,0,512,0,0,0,0,4096,0,1048576,0,0,0]-[8388608,40,1,0,0]
[0,0,67108864,0,0,0,0,0,0,0,0,0,8,0,0,0]-[4096,0,260,65792,0]
[0,0,67108864,0,0,0,0,0,0,0,8392704,0,0,0,0,0]-[8388608,0,0,65920,0]
[0,131072,0,0,0,0,0,0,0,0,0,0,1048576,128,0,0]-[131072,268435488,0,8,0]
[0,0,0,0,0,0,0,0,1048576,0,0,32,0,0,0,0]-[2147614720,128,0,1078984848,131072]
[0,8192,0,0,0,0,0,0,1048576,0,0,0,0,0,0,0]-[256,268435456,0,4194560,0]
[0,0,0,0,0,0,16384,0,0,0,0,0,262144,0,0,0]-[1048576,67108866,256,0,0]
[0,0,67108864,16777216,0,0,0,0,0,0,0,0,0,0,0,0]-[8388612,0,0,1048576,2048]
[0,0,67108864,0,0,0,0,0,0,8,0,0,0,0,0,0]-[4096,268435456,1048576,0,2048]
[0,0,0,0,0,0,0,0,0,0,0,0,0,0,33554432,256]-[131104,8,0,4194304,524288]
[0,0,0,0,0,0,64,0,0,0,0,0,1310720,0,0,0]-[1048576,67108866,0,256,0]
[0,0,67108864,0,0,0,0,0,0,0,131072,0,0,0,0,0]-[8392704,335544353,260,4194344,524304]
[0,0,67109376,0,0,0,0,0,0,0,0,0,0,0,0,0]-[4096,268435464,2147483648,1048576,133120]
[0,0,67108864,0,8192,0,0,0,0,0,0,0,0,0,0,0]-[0,0,2147483648,65544,2048]
[0,0,0,0,0,0,8192,0,0,0,0,0,0,134217728,0,0]-[131072,67108992,64,0,0]
[0,0,0,0,0,64,0,0,1048576,0,0,0,1048576,0,0,0]-[256,0,0,1073741952,16]
[0,0,67108864,0,0,0,8192,16,0,0,0,0,0,0,0,0]-[4096,0,0,4194312,131072]
[128,0,0,0,0,0,0,0,1048576,0,0,0,0,128,0,524288]-[131072,0,0,144,131072]
[0,0,0,0,0,16384,0,0,0,0,4096,0,0,0,0,0]-[8388608,67108864,65,0,0]
[0,0,0,65536,0,0,0,0,0,0,0,0,262144,0,0,0]-[1048576,3,2,4259840,0]
[0,0,0,0,0,0,0,0,134217728,0,0,0,0,128,0,0]-[0,67108865,6,1073741856,524288]
[0,0,0,0,0,0,0,0,0,0,0,16,4,0,0,0]-[1,10,0,1073741824,0]
[0,67108864,67108864,0,0,0,0,0,0,0,0,0,1048576,0,0,0]-[4097,67108864,0,1048576,0]
[0,0,0,0,0,0,0,0,1048576,0,0,0,268435456,0,0,0]-[0,268435616,0,16,0]
[0,0,67108864,0,0,0,0,0,1048576,0,0,16,0,0,0,0]-[0,0,0,2148532512,0]
[0,0,0,0,0,33554432,0,0,1048576,0,0,8388608,0,0,0,0]-[131328,0,64,16,0]
[0,0,67108864,0,0,0,0,0,16384,0,0,0,0,0,0,0]-[0,268435456,256,65552,0]
[0,0,0,0,0,8192,0,0,1048576,0,0,0,1048576,0,0,0]-[256,0,64,1073741952,0]
[0,0,0,0,0,0,0,0,0,0,0,32,0,128,0,0]-[1179648,0,131072,1073741824,0]
[0,0,0,0,0,0,0,0,0,65536,4096,0,0,128,0,0]-[1048576,0,2147483652,1073741824,0]
[0,0,67108864,0,67108864,0,0,0,0,0,0,0,0,0,0,0]-[32,369098753,2148532228,5243152,524288]
[0,0,0,0,0,0,0,1073741824,0,0,0,0,1048576,0,0,0]-[1052672,33554432,0,1048576,0]
[0,0,0,0,0,0,0,16777216,0,0,4096,0,0,0,0,0]-[8388608,0,65,128,0]
[0,0,131072,0,0,0,8192,0,0,0,0,0,0,0,0,0]-[0,67108993,64,0,0]
[0,0,0,0,0,4,0,0,0,0,0,0,1048576,0,0,0]-[0,0,0,2151677968,8]
[0,0,16777216,0,0,0,0,32,0,0,0,0,0,0,0,0]-[0,33554434,0,1073741832,0]
[0,0,0,16384,0,0,0,0,0,2097152,0,0,0,0,0,0]-[0,268435584,2147483904,0,0]
[0,0,83886080,0,268435456,0,0,0,0,0,0,0,0,0,0,0]-[0,268435456,0,65568,2048]
[0,0,0,0,0,128,0,0,1048576,0,0,0,0,0,0,0]-[0,33554432,1,1073741952,0]
[0,131072,0,0,0,0,0,0,1048576,0,0,0,0,0,0,0]-[256,268435584,0,32,0]
[0,2,67108864,0,0,0,0,0,0,0,0,0,0,0,0,0]-[0,1,2147483648,2147483904,0]
[0,16384,0,0,0,0,0,0,1048576,0,0,0,0,0,0,0]-[131073,128,0,4194304,0]
[0,0,0,131072,0,0,0,0,0,0,0,0,0,0,33554432,0]-[0,67108866,2281701376,0,0]
[0,0,0,0,0,0,8320,0,0,0,0,0,0,0,0,0]-[131072,0,0,65536,2056]
[0,0,0,0,262144,0,8192,0,0,0,0,0,0,0,0,0]-[0,1,64,16,2048]
[0,0,0,0,0,128,0,0,0,0,0,0,1024,0,0,0]-[0,67108865,1,0,16]
[0,131072,0,0,67108864,0,0,0,0,0,0,0,0,0,33554432,0]-[131072,40,0,32,0]
[0,0,67108864,0,0,0,0,0,0,0,0,0,1048576,0,0,262144]-[8388608,40,0,16,0]
[0,0,64,0,0,0,0,0,1048576,0,0,0,0,0,0,0]-[0,128,1,4194304,131072]
[0,0,67108864,0,0,0,0,0,0,0,0,0,4194304,0,0,0]-[8388640,268435456,2147483648,1048576,0]
[0,128,0,0,0,0,0,0,1048576,0,0,0,0,0,0,0]-[256,160,64,1048832,0]
[0,0,67108864,0,0,0,0,0,0,134217728,0,0,0,0,0,0]-[4096,8,0,128,16]
[0,0,0,0,0,8192,0,0,0,0,0,0,0,0,2147483648,0]-[0,2,1,32,16]
[0,0,0,1,0,0,0,0,16777216,0,0,0,0,0,0,0]-[131200,2,0,1073741824,2]
[0,0,67108864,1,0,0,0,0,0,0,0,0,1048576,0,0,0]-[8388609,268435456,0,1048576,0]
[0,0,0,0,0,0,0,0,1048576,0,0,0,0,0,33554432,0]-[1179908,67109026,134217732,4194336,526336]
[0,0,0,0,0,0,0,0,0,0,0,0,64,134217728,0,0]-[8388608,268435456,1,0,131072]
[0,0,67108864,0,0,0,8192,0,0,0,0,0,0,0,0,0]-[4096,67108865,2147483648,2151743536,133136]
[1048576,0,67108864,0,0,0,0,0,0,0,0,0,0,0,0,0]-[0,0,1048576,4259856,0]
[0,0,0,0,131072,0,0,0,0,0,8,0,0,128,0,0]-[0,67108864,4,1073741832,0]
[0,0,0,0,0,0,0,0,134217728,0,4096,0,1048576,0,0,0]-[0,32,5,1077936168,2048]
[0,0,67108864,524288,0,0,0,0,0,0,0,0,0,0,0,0]-[4096,0,0,4194560,131072]
[0,256,67108864,0,0,0,8192,0,0,0,0,0,0,0,0,0]-[0,0,4,65552,2048]
[0,0,0,0,0,0,0,0,1048576,0,524288,0,1048576,0,1073741824,0]-[131072,33554464,0,1048576,0]
[0,0,67108864,0,0,256,0,0,0,0,4096,0,0,0,0,0]-[0,67108872,0,65664,0]
[0,0,67108864,0,0,0,0,0,256,0,0,0,0,134217728,67108864,0]-[0,335544320,0,1048576,131072]
[0,0,67108864,128,0,0,0,0,0,0,0,0,0,0,0,0]-[0,1,0,144,16]
[0,0,0,0,0,0,0,0,0,0,0,268435456,0,0,33554432,0]-[0,67108994,134217728,0,0]
[128,0,0,0,0,0,4,16,262144,0,0,0,1048576,0,0,0]-[1048576,3,0,0,8]
[1073741824,128,67108864,0,0,0,0,0,0,0,0,0,0,0,0,0]-[4096,67108872,0,0,16]
[2048,0,67108864,0,0,0,0,0,0,0,0,0,0,128,0,0]-[0,335544320,4,65536,0]
[128,0,0,0,0,0,0,0,0,0,524288,0,0,0,0,0]-[131584,0,0,1048592,0]
[0,128,0,0,0,0,0,0,0,0,0,0,0,128,0,0]-[134348804,130,4,1074790400,0]
[128,0,0,0,0,0,0,0,1048576,0,0,0,0,128,0,0]-[131072,268435456,0,1073742000,655360]
[0,134217728,67108864,0,0,0,0,0,0,0,0,0,0,0,0,0]-[8388608,67108864,2147483904,0,0]
[0,128,0,0,0,0,0,8,0,0,0,0,0,0,0,0]-[8388896,0,0,1048576,0]
[0,0,67108864,0,0,0,64,0,0,0,0,16777216,64,0,0,0]-[8388608,268435456,0,2147483648,131072]
[0,0,0,0,0,8192,0,0,1048576,0,0,0,0,0,0,0]-[8388896,10,64,1073741840,2048]
[0,0,0,0,0,0,0,0,0,0,0,0,0,128,0,65536]-[1048576,0,2147483648,144,0]
[0,0,67108864,0,0,0,0,1048576,0,0,0,0,0,0,0,0]-[0,67108864,256,4194432,0]
[0,0,67108864,0,0,0,0,16,0,0,0,32768,0,128,0,0]-[0,335544352,2147483648,0,0]
[0,0,0,16,0,0,0,0,0,0,0,0,1048576,1048576,0,0]-[8519680,0,0,4194304,1024]
[0,0,0,0,0,0,0,0,1048576,4194304,0,0,0,0,0,0]-[0,128,64,4194432,0]
[0,0,67108864,0,0,0,0,64,0,0,0,0,0,0,0,0]-[4,1,0,4259840,0]
[0,0,67108864,0,0,8192,0,0,2147483648,0,0,0,0,0,0,0]-[0,33,1048576,1048576,0]
[0,0,67108864,0,0,0,8192,0,0,0,4096,0,1310720,0,0,0]-[0,67108865,0,65792,0]
[128,0,0,0,0,0,0,0,0,0,0,0,1048576,0,33554432,0]-[1048576,67108898,0,0,0]
[0,0,67108864,0,0,0,0,0,256,0,0,0,0,0,0,0]-[0,67108872,256,1048576,0]
[0,0,67108864,0,0,0,0,0,0,0,0,0,64,0,0,0]-[8392704,268435456,0,2147483680,131072]
[0,0,0,0,0,64,0,0,0,0,0,0,0,128,0,0]-[131073,335544353,2148663302,1073807544,524288]
[0,0,0,0,1073741824,0,0,0,0,0,524288,0,0,0,0,0]-[131584,0,1,1048576,0]
[0,0,0,0,0,0,524288,0,1048576,1024,0,0,0,0,0,0]-[256,160,1,0,0]
[0,0,67108864,0,0,0,0,0,0,0,16777216,0,0,0,0,0]-[4096,0,0,1048576,131088]
[0,0,0,0,0,128,0,0,0,0,4096,0,1048576,0,0,0]-[0,9,1,256,0]
[128,0,0,0,0,0,0,134217728,0,0,0,0,0,128,0,0]-[131072,0,0,65552,524288]
[0,128,67108864,0,0,0,0,16,0,0,0,0,0,128,0,0]-[0,268435456,2147483648,160,0]
[0,0,0,8388608,0,0,0,0,0,0,0,0,1048576,0,0,0]-[0,268435456,134217728,2148532224,0]
[0,0,67108864,0,0,0,0,0,0,0,0,0,0,0,0,262144]-[8388608,8,256,16,0]
[128,0,67108864,0,0,0,0,16,1048576,0,0,0,0,128,0,0]-[0,268435456,0,176,0]
[0,0,0,0,0,0,8192,0,0,0,0,0,262144,128,0,0]-[1048576,1,0,65568,0]
[262144,0,0,0,0,0,0,0,0,0,0,0,65536,0,0,0]-[0,0,68,1114112,0]
[0,0,0,0,0,8192,0,0,0,0,0,0,0,128,0,0]-[4,268435456,0,1073807376,0]
[0,0,128,0,0,0,0,0,0,0,0,0,1048576,0,0,0]-[1048704,2,134217728,5242880,0]
[0,0,0,0,0,0,0,0,0,0,0,0,1048576,0,67108864,0]-[4096,2,134217728,256,0]
[0,0,0,0,0,0,0,0,0,0,0,16777216,1048576,0,0,0]-[1052672,0,0,272,0]
[0,0,0,0,0,0,0,0,0,0,0,0,0,1048576,33554432,0]-[131072,0,4,4194304,8]
[0,0,0,0,0,0,0,0,0,0,0,0,4456448,128,0,0]-[1048576,0,1,65568,0]
[0,0,0,0,131072,256,0,0,0,0,0,0,0,0,0,0]-[0,0,2,5242912,0]
[0,0,0,0,0,8192,0,0,135266304,0,0,0,0,0,0,0]-[8388608,10,2,0,2048]
[0,0,67108864,1,0,0,0,0,0,0,0,0,0,0,0,0]-[0,301989888,1048576,1048576,2048]
[0,0,0,0,0,0,256,0,0,0,32,32,0,0,0,0]-[0,0,131328,1074790400,0]
[0,0,83886080,0,0,0,0,0,0,0,0,0,0,128,0,0]-[0,268435457,1048576,65536,0]
[0,0,67108864,0,0,256,0,16,134217728,0,0,0,0,0,0,0]-[0,67108872,0,16,2048]
[0,0,0,0,0,256,4,0,0,0,0,0,1048576,0,0,0]-[1179648,0,0,2147483904,0]
[0,0,0,0,0,0,8192,0,0,0,0,0,1048576,128,0,0]-[1179649,67108865,0,65552,0]
[0,0,0,0,0,0,0,0,1048576,0,0,0,0,512,0,0]-[1,0,0,1074790528,0]
[0,0,0,0,0,0,0,0,0,0,0,0,8,128,0,0]-[0,67108864,2147483649,8,0]
[0,0,16777216,1,0,0,0,0,0,0,4096,0,0,0,0,0]-[0,268435456,1048576,1073741824,2048]
[0,0,67108864,0,0,0,0,0,0,0,0,0,1048576,536870912,0,0]-[0,268435457,0,2147483904,0]
[0,0,67108864,0,0,0,0,0,8,0,0,0,0,0,0,0]-[4096,0,256,2147483672,2048]
[0,0,67108864,0,0,0,0,2,0,0,0,0,1048576,0,0,0]-[8388608,8,0,2147483656,0]
[0,0,0,0,0,0,0,0,0,0,0,0,1,128,0,0]-[131072,32,5,0,0]
[0,0,0,0,0,0,0,0,0,0,4096,32,0,0,0,0]-[8388608,0,134217728,4259968,0]
[0,0,0,0,0,0,0,8388608,0,0,0,0,262144,0,0,0]-[0,2,1,65536,524288]
[0,0,0,0,0,0,0,0,0,0,0,0,1048576,0,65536,0]-[0,2,0,280,0]
[0,0,67108864,0,0,0,0,2,0,0,0,16777216,0,0,0,0]-[8388608,8,4,2147483648,0]
[0,0,0,0,0,0,0,16,0,0,0,0,1048576,0,0,0]-[8388608,2,0,4194312,8]
[0,0,0,0,67108864,0,0,0,1048576,0,0,0,0,0,0,0]-[131328,32,64,3222274464,16]
[8,0,67108864,0,0,0,0,0,0,0,0,0,0,0,0,0]-[0,0,2148532228,1114240,16]
[0,131072,0,0,0,0,2048,0,0,0,0,0,0,0,0,0]-[135168,32,2,0,0]
[0,0,0,0,0,0,0,0,0,0,0,0,1048584,128,0,0]-[0,67108864,1,24,0]
[128,0,67108864,0,0,0,0,0,0,0,0,0,0,0,536870912,0]-[0,268435456,0,2147549200,16]
[4,0,67108864,0,0,0,0,0,0,0,0,0,0,0,0,0]-[0,0,2147483648,1048840,0]
[0,0,0,0,0,0,0,0,0,0,0,0,17825792,0,0,0]-[0,67108864,1,1048576,8]
[0,0,0,0,0,0,0,0,0,0,131072,0,0,128,0,0]-[131072,268435489,5,32,524288]
[0,0,0,0,0,0,0,0,0,0,0,0,1048576,134217728,67108864,0]-[0,335544320,134217728,1048576,0]
[0,0,67108864,0,0,0,0,0,0,0,4096,0,67108864,0,0,0]-[4096,32,0,136,0]
[0,0,0,33554432,0,0,0,0,0,0,0,0,1048576,0,0,0]-[135169,8,0,0,0]
[0,0,0,0,0,0,0,0,0,0,0,33554432,1048576,0,0,0]-[0,8,134217729,1048592,0]
[0,32768,0,0,2097152,0,0,0,0,0,0,0,1048576,0,0,0]-[0,1,134217728,2147483664,0]
[0,0,0,0,0,0,0,0,0,0,4096,0,0,0,268435456,0]-[0,0,2147483648,3221225472,133120]
[0,0,67108864,262144,0,0,8192,0,0,0,0,0,0,0,0,0]-[4096,0,2147483648,4194304,524288]
[0,0,0,0,0,0,0,8388624,1048576,0,0,0,0,128,0,0]-[131072,0,1,1073741824,1024]
[0,0,0,0,0,0,0,8388608,0,0,0,0,1048576,0,0,0]-[131072,2,1,65536,1024]
[0,0,67108864,0,0,0,0,16,1048576,0,0,0,0,524416,0,0]-[0,268435488,0,144,0]
[0,0,67108864,0,0,262144,0,0,0,0,0,0,0,0,0,0]-[8388608,0,2147483648,2147483904,0]
[0,0,0,0,0,256,0,0,0,0,0,0,0,0,33554432,0]-[1179904,128,134217732,0,0]
[0,0,0,0,0,8192,0,0,0,0,4096,0,1048576,0,0,0]-[8388608,8,1,8,0]
[0,128,67108864,0,0,0,0,8,0,0,0,0,0,0,0,0]-[8388608,0,256,1048832,0]
[0,0,1179648,0,0,0,0,0,0,0,0,0,0,0,0,0]-[4352,128,0,0,131072]
[0,0,0,0,67108864,0,0,0,0,0,0,0,0,128,0,0]-[1179652,335544320,5,1073741960,0]
[0,0,67108864,0,0,0,16384,0,0,0,0,0,0,0,0,0]-[8392705,0,2147483648,0,0]
[0,0,67108864,0,0,0,0,0,0,0,0,0,262144,0,0,131072]-[0,1,0,4194336,131072]
[0,0,67108864,0,0,0,0,1073741824,0,0,0,0,0,0,0,0]-[4096,33554432,4,1048576,0]
[0,0,16384,0,0,0,0,0,0,0,0,0,1048576,0,0,0]-[1048576,8,0,65552,0]
[128,0,0,0,0,0,0,0,0,0,0,0,0,0,33554432,0]-[0,67108866,2147483648,0,8]
[0,0,0,0,0,0,0,0,1048576,134217728,0,0,0,0,0,0]-[0,128,0,4194688,0]
[0,2147483648,67108864,0,0,0,0,0,0,0,0,0,1048576,0,0,0]-[0,8,0,4194576,0]
[0,0,0,0,0,0,8192,0,1048576,0,0,0,0,0,0,0]-[1179648,67108992,1,2151743792,133136]
[0,0,0,16,0,0,0,0,0,0,4096,0,1048576,0,0,0]-[8388608,67108864,1,256,0]
[0,0,335544320,0,0,0,0,0,0,0,0,0,0,0,0,0]-[8388608,40,0,128,2048]
[0,0,0,0,0,128,0,0,0,0,4096,0,0,0,0,0]-[0,67108873,1,384,0]
[0,131072,0,0,0,0,0,0,0,0,4096,0,0,0,0,0]-[4352,40,0,4194312,0]
[0,16384,0,0,0,0,0,0,0,0,4096,0,0,0,0,0]-[4352,8,0,256,0]
[0,0,0,0,0,0,8192,0,0,0,0,0,537919488,0,0,0]-[131072,67108864,0,65536,8]
[0,0,0,0,64,0,0,0,0,0,0,0,0,0,33554432,0]-[0,2,0,4194336,8]
[0,0,67108864,0,0,64,0,0,0,0,0,0,0,128,0,0]-[0,33,2147483652,40,0]
[128,0,0,0,0,16384,0,0,1048576,0,0,0,0,0,0,0]-[8388640,67108866,0,0,0]
[0,256,0,0,0,0,0,0,0,0,0,0,1048576,0,0,0]-[131072,268435464,0,256,0]
[2147483648,0,67108864,0,0,0,0,0,0,0,0,0,0,0,0,0]-[0,9,0,65536,16]
[0,0,67108864,0,0,256,0,0,0,0,0,0,0,2,0,0]-[0,32,0,65552,2048]
[0,0,67108864,0,0,64,0,8,0,0,0,0,0,0,0,0]-[0,32,2147483904,1048576,0]
[0,0,67108872,0,0,0,0,0,0,0,0,0,0,0,0,0]-[0,67108873,0,8,2048]
[128,0,67108864,0,0,0,2097152,0,1048576,0,0,32,0,0,0,0]-[0,268435456,0,4194432,131072]
[0,0,67108864,0,0,8192,0,0,0,0,0,0,0,128,0,0]-[0,268435456,4,65680,0]
[128,0,67108864,0,0,0,0,0,0,0,0,32,0,0,0,0]-[0,0,0,4259968,131072]
[0,0,0,0,0,32,0,0,0,0,0,0,0,128,0,0]-[131072,1,2,128,0]
[0,0,0,0,0,0,0,0,0,0,0,8192,0,128,0,0]-[1048576,0,0,1073741984,0]
[128,0,0,0,0,64,0,0,0,0,0,0,0,0,0,0]-[131072,0,131072,1048616,524288]
[0,0,0,0,0,0,0,0,16777216,0,0,0,1048576,0,0,0]-[135296,2,0,0,2]
[0,0,0,0,0,0,0,0,0,0,4096,0,0,0,33554432,0]-[256,67108904,0,4194304,0]
[0,0,67108864,0,2048,0,0,0,0,0,0,0,0,0,0,0]-[8388608,268435456,0,40,0]
[0,256,67108864,0,0,8192,0,0,0,0,0,0,0,128,0,0]-[0,0,4,65680,0]
[0,0,0,0,0,0,8192,0,0,0,0,0,0,128,0,0]-[1048576,1,4,48,0]
[262144,0,67108864,0,0,0,0,0,0,0,4096,0,1048576,0,0,0]-[8388608,0,0,4194568,0]
[0,0,67108864,0,0,0,134217728,0,0,0,0,0,0,0,0,0]-[0,0,260,4259840,0]
[0,0,0,0,0,0,0,0,0,16384,0,0,0,128,0,0]-[1048576,335544320,1048576,1073741832,0]
[0,0,0,0,0,1,0,0,1048576,0,0,0,0,0,0,0]-[0,128,1,16,16]
[0,128,67108864,0,0,0,0,0,0,0,4096,0,1048576,0,0,0]-[8392704,33554473,0,4194560,0]
[0,0,67108864,0,0,0,0,0,0,0,0,0,0,536870912,0,0]-[4100,301989889,1048576,2152726576,655360]
[2097152,0,0,0,0,0,0,0,0,0,0,0,1048576,0,0,0]-[0,1,134217729,16,0]
[0,0,0,0,0,0,0,0,0,0,0,0,0,0,1073741824,262144]-[131072,32,256,16,0]
[0,0,67108864,0,0,0,0,2,0,0,0,0,0,0,0,0]-[8388608,8,2147483652,8,0]
[128,0,0,0,1048576,0,0,0,0,0,0,0,0,0,0,0]-[8388609,2,2147483648,0,0]
[0,0,67108864,0,0,0,0,0,0,0,4096,0,1048576,0,33554432,0]-[0,67108904,0,4194304,0]
[0,0,268435456,0,0,0,0,0,0,0,0,0,9437184,0,33554432,0]-[131072,67108904,0,0,0]
[0,0,0,0,0,0,0,0,1179648,0,4096,0,262400,0,0,0]-[256,0,1,4194560,0]
[0,0,67108864,0,0,0,0,0,0,0,0,0,8,128,0,0]-[0,67108864,2147483648,24,0]
[0,0,67108864,0,0,0,0,0,0,0,0,0,0,0,8192,0]-[0,0,256,2148532256,0]
[0,0,0,0,0,0,0,0,65536,0,0,0,1048576,0,0,0]-[0,268435456,134217729,4194304,8]
[128,0,0,0,0,0,0,0,0,4194304,0,0,0,0,0,0]-[0,0,131072,2148532240,0]
[0,0,0,0,131072,0,0,0,0,0,0,16,0,0,0,0]-[0,1,4,1073741824,16]
[0,0,16384,0,0,0,1048576,0,0,0,0,0,0,0,1024,0]-[1,131,0,0,0]
[0,0,0,0,0,0,0,0,0,0,0,0,1048576,134217728,0,0]-[8519680,335544320,134217729,0,0]
[128,0,83886080,0,0,0,0,0,0,0,0,0,0,0,0,0]-[0,0,0,4259880,0]
[0,0,67108864,0,0,0,0,16,0,0,0,0,1048576,0,0,0]-[0,335544328,0,2147483664,0]
[0,0,0,0,0,67108864,0,0,0,0,4096,0,1048576,0,0,0]-[8388608,33554433,1,0,0]
[2097152,0,67108864,0,0,0,0,0,0,0,0,0,0,536870912,0,0]-[0,1,0,2147483664,131072]
[0,0,16842752,0,0,0,0,0,0,0,0,0,0,0,0,0]-[0,2,134217728,65568,0]
[0,0,16777216,0,0,0,0,0,0,0,0,0,0,128,0,0]-[0,1,1048576,1073741832,0]
[0,0,67108864,0,0,0,0,0,0,0,131072,0,0,128,0,0]-[0,268435489,4,32,0]
[128,0,67108864,0,0,64,0,0,0,0,0,32,0,0,536870912,0]-[0,268435456,0,65552,16]
[0,0,67108864,0,0,0,0,64,0,0,0,0,65536,536870912,0,0]-[4,268435457,0,4194304,0]
[0,0,0,0,0,0,64,0,0,0,0,0,1048576,0,0,0]-[1048577,67108866,0,5243136,0]
[0,0,201326592,0,0,0,0,0,0,0,0,0,0,0,0,0]-[0,268435456,2147483652,2147549192,0]
[0,0,0,16777216,0,0,0,0,0,0,16384,0,0,0,0,0]-[8388608,2,0,1048576,512]
[0,0,67108864,8192,0,0,0,0,0,0,0,0,1048576,0,0,0]-[4096,0,0,1114112,1024]
[0,0,0,0,256,0,8192,0,0,0,0,0,0,0,0,0]-[4096,33554432,2147483649,0,0]
[0,0,0,1,0,0,0,0,1048576,0,0,0,0,0,0,0]-[131200,0,0,1074790400,0]
[0,0,0,0,0,0,0,64,0,0,0,0,0,128,0,0]-[0,0,2147614720,1073741840,0]
[0,32768,67108864,0,131072,0,0,0,0,0,0,0,0,0,0,0]-[0,1,4,4194304,16]
[0,0,0,0,67108864,256,0,0,0,0,0,0,0,0,0,0]-[256,268435456,5,0,0]
[0,0,0,0,0,0,0,1073741824,0,0,0,0,1048576,128,0,0]-[1048576,33,1,0,0]
[128,0,201326592,0,0,0,0,64,0,0,0,0,1048576,0,0,0]-[0,268435456,0,2147549192,0]
[0,0,67108864,0,0,0,0,0,0,0,0,0,262144,0,0,0]-[8392736,67108873,1048836,4260136,657408]
[0,0,67108864,0,0,0,0,0,0,0,0,524288,0,128,0,0]-[0,67108864,2147483648,65568,0]
[0,128,0,0,8,0,0,0,0,0,0,0,0,0,0,0]-[0,162,0,256,0]
[0,0,0,0,0,0,0,0,134217728,0,0,32,0,0,0,0]-[0,268435584,0,65536,16]
[0,0,0,0,0,0,0,0,0,16384,4096,0,1048576,0,0,0]-[0,33554433,1,65536,0]
[0,0,67108864,33554432,0,0,0,16,0,0,0,0,0,0,0,0]-[8388608,1,4,8,0]
[0,0,0,0,0,131072,0,0,0,0,4096,0,0,0,0,0]-[256,67108872,1,0,0]
[0,0,67108864,0,0,128,0,0,0,0,4096,0,0,0,0,0]-[0,67108865,0,384,0]
[1048576,0,67108864,0,0,0,0,0,1048576,0,0,0,0,0,0,0]-[0,0,0,4194608,0]
[128,0,0,0,67108864,0,0,0,0,0,0,0,0,0,0,0]-[131072,0,0,3221225512,0]
[0,0,67108864,0,0,0,0,0,0,0,0,0,0,0,0,131072]-[0,67108864,0,4194344,0]
[0,0,67108864,8388608,0,0,0,0,0,0,0,0,0,0,0,0]-[8388608,268435457,1048832,128,0]
[128,0,67108864,0,0,0,0,0,1048576,0,0,32,0,536870912,0,0]-[0,268435456,0,4194320,131072]
[0,0,0,0,0,0,0,0,0,0,32,32,0,0,0,0]-[0,33554432,256,1074790400,0]
[128,0,67108864,0,0,256,0,0,0,0,0,0,0,128,0,0]-[0,0,0,65688,0]
[0,0,67108864,0,0,0,0,0,0,0,0,0,0,0,67108864,0]-[0,67108864,2147483648,2152726656,133136]
[0,0,134217728,0,0,0,8192,0,0,0,0,0,0,0,0,0]-[0,0,2147483649,2147483656,0]
[0,0,67108864,0,0,0,0,0,0,0,0,0,1048576,0,0,0]-[8392705,369098793,0,2152792344,1024]
[2,0,0,0,0,0,0,16,1048576,0,0,0,0,0,0,0]-[9437184,1,4,0,0]
[0,0,67108864,0,0,0,0,0,0,0,0,16777216,0,0,0,0]-[8392704,301989889,1048580,2147483792,2048]
[0,256,67108864,0,0,0,0,0,0,0,0,0,1048576,0,0,0]-[4096,268435464,0,256,0]
[0,0,67108864,0,131072,64,0,0,0,128,0,0,0,0,0,0]-[0,67108864,4,1048584,0]
[0,0,67108864,0,0,0,0,8,0,0,0,0,4194304,0,0,0]-[8388640,0,2147483648,1048576,0]
[0,0,0,0,8388608,0,0,0,0,0,0,0,9699328,536870912,0,0]-[1048576,1,0,4194560,0]
[0,0,0,0,0,0,0,0,0,0,0,32,268435456,0,0,0]-[0,128,134217728,4194320,0]
[0,2097152,67108864,0,0,0,0,0,0,0,0,0,0,0,0,0]-[0,8,0,4259840,131072]
[0,0,67108864,0,0,0,0,0,134217728,0,0,0,0,0,536870912,0]-[8388608,8,0,48,0]
[0,0,67108864,0,0,0,0,131072,0,0,0,0,0,0,0,0]-[8388608,0,0,16,2064]
[0,0,0,0,0,256,8192,0,0,0,0,0,0,0,0,0]-[1179648,128,0,256,0]
[0,0,67108864,0,0,0,8192,0,0,0,0,0,0,128,0,0]-[0,67108865,4,65584,0]
[0,0,0,0,0,64,0,0,0,0,0,0,1,128,33554432,0]-[131072,67108896,4,0,0]
[0,0,67108864,536870912,0,0,0,0,0,0,0,0,0,0,0,0]-[0,33554432,2147483648,1048576,2048]
[0,0,0,0,536870912,0,0,16,0,0,0,0,262144,536870912,0,0]-[1048576,1,0,4194304,131072]
[0,0,0,0,0,0,0,0,0,0,0,0,262208,0,2147483648,0]-[0,2,1,32,131072]
[0,0,0,0,0,0,0,0,0,65536,0,0,262144,0,0,0]-[256,2,1048577,0,0]
[0,0,0,0,0,0,0,0,0,0,0,0,0,0,4097,0]-[256,136,0,128,0]
[0,0,0,0,0,128,0,0,134217728,0,0,0,0,0,0,0]-[0,67108872,0,1073742080,0]
[0,0,67108864,0,0,0,0,0,0,0,0,32,0,0,536870912,0]-[8388608,268435456,0,16,16]
[0,0,67108864,0,8388608,0,0,0,134217728,0,4096,0,1048576,0,0,0]-[8388608,9,0,256,0]
[4,0,0,0,0,0,0,0,0,0,0,0,0,128,0,0]-[1048576,1,2147483648,8,0]
[0,0,67108864,0,0,256,0,0,0,0,4096,0,0,128,0,0]-[0,67108864,0,65672,0]
[0,0,67108864,0,0,0,0,16,0,0,0,0,0,0,0,0]-[8392704,335544361,2147483908,2147484088,133120]
[0,0,0,0,0,0,0,536870912,0,0,0,0,0,0,33554432,0]-[256,2,134217728,0,2048]
[0,0,67108864,0,0,0,8192,0,135266304,0,0,0,0,0,0,0]-[0,67108865,4,0,2048]
[128,0,0,0,0,0,8192,0,0,0,0,0,0,0,0,0]-[131072,0,0,65568,16]
[0,0,67108864,0,0,0,0,0,0,0,0,1024,0,0,0,0]-[4096,1,0,128,524288]
[0,4194304,67108864,0,0,0,0,0,0,0,0,0,0,0,0,0]-[0,67108865,260,2147483648,0]
[0,0,67108864,0,2097152,0,0,0,0,0,4096,0,0,0,0,0]-[4096,40,0,128,0]
[0,128,0,0,8,0,64,0,0,0,0,0,0,0,0,0]-[1048576,130,0,256,0]
[0,0,0,0,0,0,0,0,0,0,0,0,1049600,0,0,0]-[8519680,67108865,134217729,1048584,0]
[0,2,0,0,0,0,0,0,0,0,4096,0,0,0,0,0]-[8388864,67108896,0,0,0]
[0,0,0,0,0,64,0,0,0,0,0,0,1048576,33554432,0,0]-[131073,67108864,0,1048576,0]
[0,128,128,0,0,0,0,0,0,0,0,0,0,0,33554432,0]-[1048832,34,0,0,0]
[0,0,0,0,0,0,32,0,1048576,0,0,0,0,0,0,0]-[0,160,0,2147483664,0]
[0,0,0,0,0,0,0,0,0,0,4096,0,1310720,0,0,0]-[8392704,67108872,134217729,65792,8]
[0,0,0,65536,0,0,0,0,1048576,0,0,0,0,0,0,0]-[1048576,3,131072,65536,2048]
[0,0,67108864,0,0,0,0,0,0,0,8388608,0,0,0,0,0]-[8388608,0,0,2147484032,0]
[0,0,0,0,0,0,0,16384,8192,0,0,0,0,0,0,0]-[256,0,0,2147549216,0]
[0,0,0,0,0,0,0,0,1048576,0,0,0,256,0,0,0]-[256,0,1,4194304,16]
[0,0,0,0,0,0,0,0,134217728,0,0,0,0,0,33554432,0]-[8388608,67108875,6,48,2056]
[0,0,67108864,0,0,0,0,0,262144,0,0,0,0,0,0,0]-[4128,268435456,0,65536,0]
[0,0,131072,0,0,0,0,0,0,8,4096,0,0,0,0,0]-[4352,67108864,64,0,0]
[0,0,16777216,0,0,0,2048,0,0,0,0,0,0,0,0,0]-[0,268435458,0,1073741824,1024]
[0,0,0,0,32768,0,0,0,0,0,0,0,1048576,0,0,0]-[1048576,10,134217729,0,0]
[0,0,67108864,0,0,0,64,0,0,0,0,0,1048576,0,0,0]-[1,67108872,0,5243136,0]
[0,0,0,0,0,0,0,1073741824,0,0,0,0,0,128,0,0]-[1179649,67108865,5,1073741824,0]
[0,0,0,0,0,0,8192,0,0,0,0,0,16777216,0,33554432,0]-[131072,67108992,0,0,8]
[2048,0,0,0,0,8192,0,0,0,0,0,0,0,0,0,0]-[256,268435456,4,65536,0]
[0,0,0,0,0,0,0,0,2147483648,0,0,0,1048576,0,0,0]-[8388608,33,134217729,2148532224,8]
[0,0,0,0,0,0,8192,0,0,0,4096,0,0,0,0,0]-[0,67108865,64,65536,0]
[0,0,0,0,0,0,32,0,0,0,0,0,0,128,0,0]-[0,33554434,256,1048576,0]
[2147483648,0,67108872,0,0,0,0,0,0,0,4096,0,1048576,0,0,0]-[0,67108873,0,8,0]
[0,0,268435456,1,0,0,0,0,0,0,0,0,0,0,0,0]-[8519680,33554432,0,0,2048]
[64,128,0,0,0,0,0,0,0,0,0,0,0,0,0,0]-[8388608,2,64,256,0]
[0,0,0,0,0,0,0,0,1048576,0,0,0,0,536870912,0,0]-[0,0,0,1077936384,131072]
[256,0,0,0,0,0,0,0,0,0,0,0,262144,0,0,0]-[1048832,67108864,0,65536,0]
[0,0,0,0,0,0,0,0,0,0,0,0,0,2,33554432,0]-[256,34,4,0,2048]
[0,0,0,0,0,0,0,0,0,0,0,0,1049600,134217728,0,0]-[0,67108864,134217729,1048576,0]
[0,0,0,0,8388608,0,0,0,0,0,0,0,1048576,0,0,0]-[9437184,0,0,4194560,0]
[0,0,0,0,0,0,0,0,1048576,0,0,0,1074790400,0,0,0]-[131072,0,1,1048576,1024]
[0,536870912,67108864,0,0,0,0,0,0,0,0,0,0,0,536870912,0]-[8388608,8,0,2147483680,0]
[0,128,0,0,0,0,0,0,536870912,0,0,0,262144,0,0,0]-[1048832,2,256,0,0]
[0,32,0,0,0,0,8192,0,0,0,0,0,0,0,0,0]-[131072,1,134217728,32,0]
[0,0,0,0,0,64,0,0,0,0,0,32,0,0,0,0]-[131072,0,131328,1048576,0]
[0,0,8,0,0,0,0,0,1048576,0,0,0,0,0,0,0]-[0,11,131072,0,0]
[0,0,0,0,1048576,0,0,0,134217728,0,0,0,0,0,0,0]-[8388608,2,0,0,526336]
[0,0,0,0,0,0,0,0,2097152,0,0,0,0,0,33554432,0]-[0,168,2147483648,0,2048]
[0,0,0,0,0,64,8192,0,0,0,0,0,0,128,33554432,0]-[131072,67108864,4,32,0]
[0,0,67108864,0,0,0,0,0,16777216,0,0,0,0,0,0,0]-[0,0,2147483648,2147483784,0]
[0,128,0,0,0,128,0,0,0,0,0,0,0,0,0,0]-[0,67108872,0,1073741824,16]
[0,0,0,0,0,0,0,0,134217728,2048,0,0,0,0,0,0]-[32,128,0,1114112,0]
[0,0,67108864,1,16777216,0,0,0,0,0,0,0,0,0,0,0]-[8388608,33554432,0,1048576,2048]
[0,0,0,0,0,0,8192,0,1048576,0,0,0,0,0,1073741824,0]-[131072,0,64,48,0]
[0,0,16777216,0,1073741824,0,0,0,0,0,0,0,0,0,0,0]-[0,2,0,264,2048]
[0,131072,0,0,0,0,0,0,0,0,0,0,0,0,33554432,0]-[131328,40,0,4194336,0]
[0,0,67108864,0,0,0,0,67108864,1048576,0,0,0,0,0,0,0]-[0,32,0,2151677984,0]
[0,0,0,0,0,0,0,0,134217728,0,0,0,1,0,0,0]-[8388608,2,0,1073741856,8]
[0,0,0,0,67108864,0,0,0,1048576,0,0,0,0,128,0,0]-[131076,32,0,1073741856,0]
[8,0,67108864,0,0,0,0,0,0,0,0,0,0,128,0,0]-[0,0,2147483652,65664,0]
[0,0,0,0,0,0,0,0,1048576,0,0,0,262144,0,0,0]-[256,67108866,3,4260128,131072]
[128,128,0,0,0,0,0,0,1048576,0,0,0,0,0,0,0]-[131072,0,0,1077936128,131088]
[0,128,0,0,0,0,0,0,0,0,0,0,0,0,33554432,0]-[131076,67108872,134217732,4194304,0]
[0,0,67108864,0,0,0,0,0,0,0,4608,0,1048576,0,0,0]-[4097,0,0,4259840,0]
[0,0,67108864,0,8192,0,0,0,4,0,0,0,0,128,0,0]-[0,1,2148532224,65536,0]
[0,0,1140850688,0,0,0,0,0,1073741824,0,0,0,0,0,0,0]-[8392704,0,2147483648,0,524288]
[0,0,64,0,0,0,0,0,0,0,0,0,0,2147483648,0,0]-[8388608,128,1,0,131072]
[0,0,0,0,0,0,0,0,0,0,0,536870912,17825792,0,0,0]-[131072,67108864,1,0,8]
[0,0,0,0,0,0,32768,0,0,0,0,1024,0,0,0,0]-[8388608,128,0,2147483904,0]
[0,0,0,0,0,64,0,0,0,0,4096,0,0,536871040,0,0]-[0,268435456,1048576,1073741840,0]
[0,0,0,16777216,0,0,0,0,134217728,0,0,0,0,0,0,0]-[0,67108864,0,1073741840,8]
[4,0,67108864,0,0,0,0,8,0,0,0,0,0,0,0,0]-[0,0,2147483904,1048832,0]
[128,0,0,0,0,0,0,0,134217728,0,4096,0,1048576,0,0,0]-[8388608,67108865,0,0,8]
[0,0,0,0,0,0,8192,0,0,0,0,0,1,128,33554432,0]-[1179648,67108864,4,0,0]
[0,0,0,0,1073741824,0,0,0,0,0,0,0,0,0,0,262144]-[8519680,0,1,0,524288]
[0,0,67108864,0,0,0,64,0,0,0,0,0,0,0,0,0]-[1,67108872,0,5243136,2048]
[0,0,0,0,0,0,0,0,0,0,67108864,0,262144,0,0,0]-[0,2,0,65568,131072]
[0,0,0,0,0,0,0,0,1048576,0,0,0,0,0,67108864,0]-[260,268435488,0,1074790400,131072]
[128,0,128,0,67108864,0,0,0,1048576,0,0,0,0,0,0,0]-[131072,0,0,2147483680,16]
[0,0,0,0,0,0,0,16,0,0,0,4194304,0,0,0,0]-[8389120,2,0,4194304,0]
[0,0,0,0,0,0,0,0,1048576,0,0,0,1048576,0,0,0]-[9568513,369098923,134217729,3226534320,132112]
[0,0,67108864,0,0,0,0,0,1048576,0,0,0,256,0,0,0]-[0,0,0,5243136,16]
[0,0,0,0,67108864,2,0,0,0,0,0,0,0,0,0,0]-[32,2,2147483648,16,0]
[0,0,0,0,0,0,0,0,1048576,0,0,16777216,0,0,0,0]-[0,128,0,1073742112,0]
[0,0,128,0,0,0,0,0,0,0,0,0,1024,0,0,0]-[131072,0,134217728,1048576,16]
[0,0,0,0,0,0,0,0,0,0,0,0,262144,128,0,0]-[1048576,67108865,1048577,65568,131072]
[2147483648,0,67108864,0,0,0,0,0,1048576,0,0,0,0,0,0,0]-[0,9,4,65536,0]
[0,0,67108864,0,524288,0,0,0,0,0,4096,0,1048576,0,0,0]-[0,33,0,4194560,0]
[128,0,67108864,0,0,0,0,0,1048576,0,0,32,0,0,0,0]-[0,268435456,0,4194448,131088]
[0,128,0,0,0,64,0,0,0,0,0,0,0,0,0,0]-[0,33,320,1048576,0]
[0,0,16777216,0,0,0,0,0,0,0,0,32,1048576,0,0,0]-[0,268435456,134217728,4259840,0]
[0,0,67108864,0,0,0,0,0,0,134217728,4096,0,0,0,0,0]-[4096,8,0,384,0]
[0,0,0,0,0,0,0,0,0,0,4096,0,1048576,536870912,0,0]-[1048576,268435456,0,2147483664,0]
[128,0,0,0,0,64,0,0,1048576,0,0,0,0,0,0,0]-[131072,0,0,1048608,524288]
[0,0,0,0,2147483648,0,0,0,0,0,0,0,1048576,0,0,0]-[4096,2,1,0,1024]
[0,0,0,0,0,0,8192,0,1048576,0,0,0,0,128,0,0]-[1048576,1,4,65536,0]
[0,0,0,0,0,0,0,0,0,0,0,0,0,536871040,0,0]-[1048576,268435457,0,1073741824,655360]
[0,0,16777216,0,0,262144,0,0,0,0,1073741824,0,1048576,0,0,0]-[0,3,134217728,8,0]
[0,0,0,0,0,16,0,0,0,0,0,0,0,1048576,0,0]-[8519712,268435456,0,0,0]
[128,0,0,0,0,0,0,1073741824,0,0,0,0,0,0,0,0]-[131072,0,0,24,16]
[0,0,0,0,0,0,0,0,0,0,0,0,0,128,67108864,0]-[0,335544320,2147483648,1073741824,131072]
[0,0,0,0,0,0,0,0,0,0,0,0,1048576,128,0,0]-[9568257,369098795,5,1074856120,8]
[0,0,0,0,0,0,0,0,0,16,0,0,1048576,0,0,0]-[1052672,33554432,0,4194304,0]
[0,16777216,0,0,0,0,0,0,0,0,0,0,0,128,131072,0]-[4,1,0,1073741952,0]
[0,0,512,0,0,0,0,0,2097152,0,0,0,0,0,0,0]-[4096,8,2147483712,0,0]
[2147483648,0,67108864,0,0,0,0,0,0,0,0,0,0,128,0,0]-[0,1,4,65544,0]
[128,0,0,65536,0,0,0,0,0,0,0,0,0,0,0,0]-[0,268435456,131072,1114112,0]
[0,128,0,0,0,0,0,0,0,0,0,0,8388608,0,0,0]-[131072,67108872,0,0,16]
[0,0,67108864,0,0,0,0,16,1048576,0,0,0,1048576,0,0,0]-[0,268435488,0,2147483664,0]
[0,0,0,0,0,262144,0,0,0,0,4096,0,0,0,0,0]-[0,1,134217728,65664,0]
[0,0,67108864,0,0,8192,0,0,134217728,0,0,0,0,0,0,0]-[8388608,8,0,32,2048]
[0,0,0,0,0,0,2147483648,0,0,1073741824,0,0,0,0,0,0]-[256,0,2147483649,32,0]
[524288,0,67108864,0,0,0,0,0,0,0,0,0,0,0,0,0]-[0,0,256,1048712,0]
[0,0,0,0,0,0,8,0,0,0,4096,0,0,0,0,0]-[256,8,0,65664,0]
[0,0,0,0,0,0,0,16384,0,0,0,0,262144,0,0,0]-[256,2,2,65536,0]
[0,0,0,0,0,0,0,0,0,0,0,2,262144,0,0,0]-[256,3,0,0,524288]
[0,0,67108864,262144,0,0,0,0,0,0,0,0,0,0,0,0]-[4096,8,256,2152792192,524288]
[536870912,0,1024,0,0,0,0,0,0,0,0,0,1048576,0,0,0]-[1048576,268435488,0,4194304,0]
[0,0,0,0,0,256,0,0,0,0,134217728,0,0,0,0,0]-[0,268435584,4,2147483648,0]
[0,0,0,0,0,0,0,0,536870912,0,0,0,0,0,33554432,0]-[131072,128,2147483648,0,8]
[0,0,0,0,0,0,0,16,0,0,0,0,0,128,0,0]-[131076,0,1,1073807360,0]
[0,0,0,0,0,0,0,0,1050624,0,0,0,0,0,0,0]-[0,128,0,1048608,16]
[0,0,0,0,0,0,0,0,134217728,0,0,512,0,0,0,0]-[0,10,0,1073741824,524288]
[0,0,0,0,0,0,8192,0,0,0,0,32,0,0,0,0]-[0,128,0,65552,16]
[0,0,0,0,0,0,0,0,0,0,0,1024,0,128,0,0]-[0,1,0,1073741952,524288]
[0,131072,0,0,67108864,0,0,0,0,0,0,0,0,0,0,0]-[131072,8,0,40,0]
[128,0,0,0,0,0,0,0,0,0,0,0,0,536870912,0,0]-[0,0,131072,3221225488,0]
[0,0,67108864,0,0,0,8192,0,134217728,0,0,0,1048576,0,0,0]-[0,67108865,0,272,0]
[0,0,67108864,0,0,256,2097152,0,0,0,0,0,0,0,0,0]-[0,0,256,65680,0]
[0,0,0,0,0,64,0,0,0,0,0,2,9437184,128,0,0]-[131072,67108896,0,8,0]
[0,0,0,0,2097152,0,0,0,0,0,0,0,8,0,0,0]-[1052672,0,256,128,0]
[0,0,67108864,0,0,0,0,0,256,0,4096,0,0,0,0,0]-[4096,33554433,0,128,0]
[0,0,67108864,0,0,0,0,16,0,0,0,0,1048576,128,0,0]-[0,335544352,0,16,0]
[0,0,67108864,0,0,64,0,0,0,0,0,0,0,33554432,0,0]-[0,67108864,0,1048616,0]
[0,0,0,0,0,0,0,0,0,0,0,0,1048576,1048576,0,0]-[8523776,0,0,0,1024]
[0,128,67108864,0,0,0,0,0,0,0,0,0,0,0,33554432,0]-[0,67108872,4,4194304,0]
[2147483648,0,0,0,0,0,0,0,0,0,4096,0,0,0,0,0]-[256,67108873,0,65544,0]
[0,0,0,0,0,0,0,0,0,0,0,0,0,536871040,16384,0]-[1048576,1,1048576,1073741824,0]
[0,128,0,0,67108864,0,0,0,0,0,0,0,0,0,0,0]-[131076,8,0,1073741824,0]
[1048576,0,83886080,0,0,0,0,0,0,0,0,0,262144,0,0,0]-[0,0,0,4260128,0]
[0,0,16777216,0,0,0,0,0,134217728,0,0,0,0,0,0,0]-[0,2,0,288,2048]
[128,0,0,0,0,0,0,16,0,0,0,0,1048576,0,0,0]-[9437184,2,0,0,8]
[0,0,0,0,0,64,2,0,0,0,0,0,0,0,0,0]-[131104,0,4,1048576,0]
[0,0,201326592,0,0,0,0,0,0,0,0,0,0,128,0,0]-[0,268435456,2147483652,65536,0]
[128,0,0,0,67108864,0,0,0,1048576,0,0,0,0,0,0,0]-[0,0,0,3221225504,16]
[0,0,0,0,67108864,0,0,0,0,0,0,0,0,0,33554432,0]-[1179648,8,0,32,0]
[0,0,0,0,0,0,0,0,0,0,0,0,537919488,0,0,0]-[135168,100663296,0,2147549184,8]
[0,0,67108864,0,0,0,8192,16,134217728,0,0,0,0,0,0,0]-[0,67108864,0,48,2048]
[128,0,67108864,0,0,0,0,0,0,0,0,0,0,8388608,0,0]-[0,0,0,2147549344,0]
[0,0,268435456,0,0,0,0,0,0,0,0,0,1048576,0,0,0]-[8519680,100663304,0,0,0]
[0,0,0,16777216,0,64,0,0,0,0,0,0,0,0,0,0]-[8388612,2,0,0,2048]
[0,0,0,0,0,0,0,0,0,0,4096,0,0,536870912,0,0]-[0,268435456,1048576,3221225488,0]
[0,0,67108864,0,0,0,0,0,1048576,0,0,0,1048576,0,0,0]-[257,301990048,64,3226468624,0]
[0,0,0,0,0,0,0,48,0,0,0,0,0,0,0,0]-[0,3,0,8,131072]
[0,0,67108864,0,0,0,0,0,0,0,0,0,262144,128,0,0]-[0,67108865,0,65536,131072]
[0,0,67108928,0,0,0,0,0,134217728,0,0,0,0,0,0,0]-[8388608,67108872,0,32,0]
[0,0,67108864,0,0,0,0,0,4,0,0,0,0,0,0,0]-[0,0,2147483648,65808,0]
[0,0,67108864,0,0,0,131072,0,0,0,0,0,0,0,0,0]-[0,0,2147483652,65536,2048]
[0,0,134217728,0,0,0,0,0,0,0,0,0,1048576,0,0,0]-[0,268435456,1,2147483656,0]
[0,0,67108864,0,0,0,0,0,0,0,0,0,0,4194304,0,0]-[0,268435456,4,65536,2048]
[0,2097152,67108864,0,0,0,0,0,0,0,0,134217728,0,0,0,0]-[0,8,0,4259840,16]
[0,0,67108864,0,8388608,0,0,0,0,0,0,0,0,0,0,0]-[8388608,8,1048576,4194304,0]
[0,0,0,0,0,0,0,16,0,0,4096,0,1048576,0,0,0]-[4096,0,0,4194312,8]
[0,0,0,16384,0,0,0,8,0,0,0,0,0,0,0,0]-[8388864,0,2147483904,0,0]
[0,0,67108864,0,0,0,0,0,0,0,0,0,0,536871040,0,0]-[0,268435457,1048576,16,131072]
[0,0,0,0,0,0,0,0,135266304,0,0,0,0,0,0,0]-[4,268435595,2,1074790832,131072]
[0,0,0,0,0,0,0,0,16,2048,0,0,262144,0,0,0]-[256,67108864,0,65568,0]
[0,0,0,0,0,0,0,0,0,0,0,0,0,1152,0,0]-[0,0,2147483653,128,0]
[0,0,67108864,0,0,0,0,16,1048576,0,0,0,0,0,0,0]-[0,32,0,2147483792,0]
[0,0,0,0,0,256,0,0,0,0,0,0,0,134217728,0,4096]-[131072,268435584,134217728,0,0]
[0,0,0,0,0,256,0,0,0,0,0,0,1048576,0,0,0]-[1179648,268435456,134217729,2147483904,0]
[0,0,67108864,0,0,0,0,0,0,0,0,0,1048576,128,0,0]-[8388608,369098792,0,1114136,0]
[128,0,0,0,0,0,8192,0,1048576,0,0,0,0,0,0,0]-[131072,0,0,48,16]
[0,0,0,0,0,0,0,0,0,0,0,0,1048832,0,0,0]-[1,2,0,65552,0]
[0,131072,0,0,0,0,0,0,1048576,0,0,32,0,0,0,0]-[0,268435584,0,4194304,131072]
[1048576,0,0,0,0,0,0,0,0,0,0,0,0,0,33554432,0]-[1048576,0,0,4194336,2048]
[0,0,0,0,0,0,8192,0,0,0,0,0,0,0,33554432,0]-[131072,67108992,134217732,32,2056]
[16,0,0,0,0,0,0,0,0,0,4096,0,0,0,0,0]-[8392704,0,64,8,0]
[2097152,0,0,0,0,0,0,0,0,0,0,0,0,128,0,0]-[0,1,1,16,131072]
[0,0,0,0,0,0,0,0,0,0,8,0,0,128,0,0]-[0,67108896,2147483652,1073741832,0]
[0,0,0,0,0,0,0,0,0,0,1073741824,0,0,0,33554432,0]-[1048576,67108992,2147483648,0,0]
[128,0,67108864,0,0,0,0,0,0,0,0,0,256,0,0,0]-[8388608,67108896,2147483648,0,0]
[0,0,0,0,0,0,64,0,1048576,0,0,0,0,0,0,0]-[1,128,0,5242880,0]
[128,0,0,0,0,0,0,0,0,0,0,0,1048576,0,0,0]-[9437184,33554467,0,0,8]
[0,0,0,0,0,0,0,0,0,0,0,0,0,256,33554432,0]-[1048576,0,2147483648,4194336,0]
[0,131072,67108864,0,0,0,0,0,0,0,131072,0,0,0,0,0]-[4096,268435488,0,32,0]
[0,0,0,0,0,0,0,32,0,0,0,0,0,128,0,0]-[0,1,0,1073741832,131072]
[0,0,1024,0,0,0,0,0,1048576,0,0,0,0,0,0,0]-[0,128,65,1048608,16]
[0,0,0,0,0,0,0,0,0,0,4096,0,262144,0,0,0]-[256,67108864,0,4194560,0]
[0,0,67108864,0,0,0,8192,0,134217728,0,0,0,0,0,0,0]-[4096,100663297,2147483648,2147483920,2048]
[0,0,0,0,0,0,0,0,8388608,0,0,0,1048576,0,0,0]-[1048576,67108864,0,2147483664,0]
[0,0,1024,0,0,0,0,0,0,0,0,0,1024,0,0,0]-[0,0,1,1048584,16]
[0,0,0,0,0,0,0,0,1048576,0,0,0,2097152,0,0,0]-[8388864,67108866,131072,1073742208,0]
[0,0,67108864,0,0,0,0,16,0,0,0,0,0,128,0,0]-[0,335544352,2147483648,176,0]
[0,0,67108864,131072,0,0,0,0,0,0,0,0,0,0,0,0]-[8392704,33,260,4194304,16]
[0,0,67108864,0,0,0,0,0,150994944,0,0,0,0,0,0,0]-[8388608,1,0,288,0]
[0,0,0,0,0,0,0,0,16777216,0,4096,0,262144,0,0,0]-[256,1,1,256,0]
[0,0,0,0,0,1073741824,0,0,0,0,0,0,0,128,0,0]-[0,33554562,0,2147483648,0]
[0,0,0,0,0,0,0,0,17825792,0,0,0,0,0,0,0]-[256,268435456,1,32,0]
[0,0,0,0,0,64,8192,0,0,0,0,0,0,0,0,0]-[131072,1,68,0,0]
[0,0,0,8388608,0,0,0,0,0,0,4096,0,0,0,0,0]-[8388608,1,134217728,128,0]
[0,0,0,0,0,33554432,0,0,0,0,0,0,1048576,0,0,0]-[8388608,0,134217728,2147549184,0]
[0,0,0,0,0,256,524288,0,0,0,0,0,0,0,0,0]-[1048832,128,5,0,0]
[0,0,0,0,2147483648,0,0,0,0,0,0,0,2097152,0,0,0]-[0,268435456,2147483649,256,0]
[128,0,0,0,0,0,0,16,0,0,0,0,0,0,0,0]-[134348800,0,0,1073807360,0]
[0,0,0,0,0,0,0,0,0,0,0,0,0,33554560,0,0]-[0,67108864,0,1073741864,0]
[0,0,0,0,0,0,0,0,0,0,4096,0,1048576,0,0,0]-[8392705,100663337,134217729,4260104,8]
[0,0,1024,0,0,0,0,0,0,0,0,0,0,128,0,0]-[131072,0,1048576,144,0]
[0,0,0,0,0,0,8192,0,0,0,0,0,0,134217728,33554432,0]-[131072,67108992,134217728,0,0]
[0,0,0,0,0,0,0,16777216,0,0,0,0,1048576,0,0,0]-[4096,0,1,2147483648,8]
[0,0,67108864,0,0,0,0,0,0,0,0,0,1048576,1048576,0,0]-[8392704,0,0,4194304,1024]
[0,0,67108864,0,0,0,0,0,2048,0,4096,0,1048576,0,0,0]-[4096,67108872,0,8,0]
[536870912,0,67108864,0,0,0,0,0,0,0,0,0,0,0,0,0]-[0,268435488,4,4194304,0]
[0,0,0,0,1073741824,0,0,0,0,0,0,0,1048576,0,0,0]-[131072,0,1,264,0]
[0,32768,0,0,0,0,0,0,0,0,0,0,1048576,0,0,0]-[0,0,134217728,2151677968,0]
[0,0,67108864,0,0,0,0,0,1048576,0,0,0,0,0,0,0]-[8392741,301989929,2147483908,2152792504,131088]
[0,0,0,0,0,0,128,8388624,0,0,0,0,0,128,0,0]-[131072,0,1,65536,524288]
[0,0,0,0,0,0,0,67108864,0,0,0,32,0,0,0,0]-[8388608,268435584,0,0,131072]
[0,524288,67108864,0,0,0,0,0,0,0,0,0,1048576,0,0,0]-[0,32,0,2148532232,0]
[0,0,0,0,0,0,8192,0,0,2048,0,0,0,0,0,0]-[0,67108992,0,65568,0]
[0,0,67108864,0,0,0,0,0,0,0,0,134217728,0,0,0,0]-[0,8,2147483648,4194304,16]
[0,0,67108864,0,0,0,0,0,0,0,0,0,537919488,0,0,0]-[4096,33554432,0,2147549184,0]
[0,0,67108864,0,0,0,0,0,0,0,0,0,1024,0,0,0]-[8388608,1,0,8,16]
[0,0,0,0,0,0,64,0,0,0,0,0,1048580,0,0,0]-[1,10,0,1048576,0]
[0,0,0,524288,0,0,0,0,0,0,4096,0,0,128,0,0]-[4096,0,64,4194560,0]
[0,128,0,65536,0,0,0,0,134217728,0,0,16,0,0,0,0]-[0,67108872,4,1073741824,0]
[0,0,0,0,0,0,0,0,0,0,0,0,0,0,33554432,262144]-[131072,42,0,0,524288]
[0,0,0,0,0,0,0,16,0,0,4096,0,0,0,0,0]-[8393216,1,0,4194304,0]
[0,131072,67108864,0,0,32,0,0,0,0,0,0,0,0,0,0]-[4096,268435456,256,32,0]
[0,0,67108864,0,0,0,0,0,0,0,67108864,0,0,0,0,0]-[8388608,335544320,0,0,16]
[0,0,0,0,0,0,0,131072,0,0,0,1,1048576,0,0,0]-[256,0,0,1073741824,2064]
[0,0,0,0,0,0,0,0,0,1,4096,0,0,0,0,0]-[256,1,65,0,0]
[0,131072,0,0,0,0,0,0,1048576,0,0,0,0,0,33554432,0]-[131328,32,0,32,0]
[0,0,0,0,0,256,0,0,67108864,0,0,0,0,0,0,0]-[131072,268435456,4,256,0]
[0,0,0,0,0,0,0,0,0,0,4096,1024,0,0,0,0]-[4096,1,64,8,0]
[0,0,67108864,0,0,128,8192,0,0,0,0,0,0,0,0,0]-[4096,0,0,2151677952,524288]
[0,0,0,1073741824,0,256,0,0,0,0,0,0,0,128,0,0]-[1179648,268435456,4,0,0]
[0,0,67108864,0,0,0,0,0,0,0,0,0,1048576,0,0,2048]-[4097,0,0,4194320,0]
[0,0,0,0,0,64,0,0,0,0,0,0,0,524288,0,0]-[4,2,1,0,2048]
[0,0,67108864,0,0,0,0,0,0,0,0,0,0,128,0,0]-[4128,335544353,2147483652,4260280,133136]
[0,0,0,0,0,0,0,0,0,0,0,0,134479872,0,0,0]-[0,1,3,4194304,0]
[0,0,67108864,0,16777216,0,0,0,0,0,0,0,0,0,0,0]-[8388608,0,256,1048576,131072]
[0,0,67108864,0,0,0,0,16,0,0,4096,0,1048576,0,0,0]-[8388609,1,0,4194304,0]
[0,0,67108864,0,0,0,0,0,0,16,0,0,0,0,0,0]-[4128,67108864,0,4194304,0]
[0,0,0,0,0,0,0,16,0,0,0,0,1048576,0,4,0]-[1052672,0,0,4194304,8]
[0,0,0,0,0,0,0,0,0,0,0,0,0,0,33554432,16384]-[131076,2,0,32,0]
[0,0,67108864,0,0,0,0,0,135266304,0,0,0,0,0,0,0]-[8388608,67108873,4,0,2048]
[0,0,0,0,0,0,0,0,262144,0,4096,0,0,0,0,0]-[4096,0,134217728,65664,0]
[0,16,67108864,0,0,0,0,0,0,0,0,0,0,0,0,0]-[8392704,33554432,0,0,2048]
[0,0,67108864,0,0,256,0,0,0,0,0,0,1048576,0,0,0]-[0,40,0,65560,0]
[0,0,201326592,0,0,0,0,0,0,0,4096,0,0,0,0,0]-[0,268435456,2147483652,2147483648,0]
[0,0,0,0,0,64,0,0,0,2097152,0,0,0,0,0,0]-[131072,0,2147483908,0,0]
[0,0,0,0,0,0,8192,268435456,0,0,0,0,0,0,0,0]-[131072,0,134217728,16,2048]
[0,0,0,0,0,0,0,0,0,0,8,0,0,65664,0,0]-[0,67108896,4,1073741824,0]
[0,0,0,0,0,0,0,0,134217728,0,134217728,0,0,0,0,0]-[0,9,2,1073741824,0]
[0,0,0,0,0,8192,0,0,1048576,0,4096,0,0,536871040,0,0]-[4,268435456,0,1073741840,0]
[0,0,16,0,0,0,0,0,1048576,0,0,0,0,0,0,0]-[0,0,64,1073741872,0]
[0,0,131072,0,0,1024,0,0,0,0,0,0,0,0,0,0]-[4096,67108992,0,0,131072]
[0,8388608,0,0,0,0,0,0,0,0,4096,0,0,0,0,0]-[4096,8,65,0,0]
[128,0,67108864,0,0,0,0,0,0,0,0,0,1048576,0,0,0]-[0,268435456,0,2147549208,0]
[128,0,0,0,0,0,0,0,0,0,0,0,0,128,2097152,0]-[0,268435456,0,1073807360,524288]
[0,0,67108864,0,0,0,0,8,0,0,8,0,0,0,0,0]-[0,32,2147483648,1048832,0]
[0,0,0,0,0,0,0,0,0,0,0,0,1572864,0,0,0]-[0,1,134217728,2147549184,0]
[0,0,67108864,0,0,0,2097152,0,134217728,0,0,0,0,0,0,0]-[0,268435456,256,65664,0]
[0,0,0,0,0,0,0,0,0,0,0,0,1048576,1073741824,268435456,0]-[0,128,0,1073741824,133120]
[0,0,67108864,16,0,0,0,0,0,0,0,524288,0,0,0,0]-[8392704,0,0,256,16]
[0,0,0,0,0,1048576,0,0,1048576,0,0,0,0,0,0,0]-[256,0,0,2151677952,16]
[0,128,0,0,0,0,0,0,0,0,0,536870912,0,0,33554432,0]-[131076,67108864,0,4194304,0]
[0,0,67108864,0,0,256,0,16,0,0,0,0,0,0,0,0]-[0,67108872,0,144,2048]
[0,0,0,0,0,0,0,0,1048576,0,2097152,0,0,0,0,0]-[0,0,64,1077936128,16]
[1048576,0,0,0,0,0,0,0,0,0,0,0,1310720,0,0,0]-[1048576,0,0,4260096,0]
[0,0,0,0,0,0,0,0,0,0,0,0,1048576,0,536870912,0]-[8388608,268435456,0,4259856,8]
[0,0,0,1,1048576,0,0,0,0,0,0,0,0,0,0,0]-[8388609,2,0,0,2048]
[0,0,67108864,0,0,0,0,0,0,0,0,0,0,1048576,0,0]-[8392736,268435456,0,4194320,0]
[0,0,0,0,0,0,0,0,0,0,0,0,0,128,0,2]-[131072,67108864,1048576,16,0]
[0,0,67108864,0,0,0,0,0,0,0,0,0,65536,0,0,0]-[4096,32,4,65536,0]
[0,0,67108864,0,256,0,0,0,0,0,0,0,0,0,0,0]-[8388608,1,0,128,131072]
[0,0,0,0,0,0,0,0,1048576,0,0,8388608,0,0,0,0]-[131328,0,0,16,131072]
[0,0,67108864,0,0,4096,0,0,0,0,0,0,0,1048576,0,0]-[8388640,0,0,4194320,0]
[0,0,67108864,0,0,0,0,0,0,67108864,0,0,0,0,0,0]-[4096,32,1048576,1048576,0]
[0,0,67108864,0,0,0,0,0,0,0,0,8,0,0,0,0]-[4097,0,2147483648,4194304,0]
[0,0,0,0,0,0,0,0,0,0,0,0,1048578,0,0,0]-[0,268435456,0,4259840,8]
[0,0,0,0,0,0,0,0,0,0,0,0,134217728,128,0,0]-[0,0,2148532224,1073741952,0]
[0,0,0,0,0,0,0,0,16777216,0,4096,0,0,0,0,0]-[8388864,0,1,256,0]
[0,0,67108864,0,0,0,0,0,0,0,4096,0,1048576,0,0,0]-[8392705,100663337,0,4260104,0]
[0,0,67108864,0,0,0,0,256,1048576,0,0,0,1048576,0,0,0]-[1,0,0,2152726528,0]
[0,0,0,0,0,0,0,0,1048576,0,0,0,1048576,128,0,0]-[0,268435488,1,16,0]
[0,0,0,0,0,0,0,0,536870912,2097152,0,0,0,0,0,0]-[131072,301990016,2147483648,0,0]
[0,0,67108864,0,0,0,0,16777216,0,0,0,0,1048576,0,0,0]-[4096,32,0,2147483656,0]
[0,0,0,0,0,0,0,0,134217728,0,0,0,136,0,0,0]-[0,128,256,65664,0]
[0,0,128,0,0,0,0,0,0,0,0,0,262144,0,33554432,0]-[1048832,0,0,4194336,0]
[0,0,0,0,0,0,0,0,0,0,0,0,1048576,0,4,0]-[0,2,0,2148532224,1024]
[0,0,67108864,0,0,0,512,0,0,0,0,0,0,0,0,0]-[4,0,0,1114128,0]
[0,0,67125248,0,0,0,0,0,0,0,0,0,0,128,0,0]-[0,1,0,65552,131072]
[0,0,0,0,0,0,0,0,134217728,0,0,0,262144,0,0,0]-[0,67108867,0,288,524288]
[0,0,67108864,0,0,0,0,0,0,1073741824,0,0,1048576,0,8,0]-[0,0,0,2147549456,0]
[0,0,0,0,0,0,0,0,0,0,2097152,0,0,128,0,0]-[0,1,2,1073741952,0]
[0,0,0,0,0,0,0,0,1048576,0,0,0,0,0,2147483648,0]-[0,0,1,1048608,131072]
[0,0,67108864,2048,0,0,0,0,0,0,0,0,1048576,0,0,0]-[0,33554440,0,5242880,0]
[0,0,0,0,0,0,0,0,1048576,0,0,0,0,0,0,512]-[256,128,0,48,0]
[0,0,128,0,0,4194304,0,0,0,0,0,0,0,0,0,0]-[0,2,134217728,4194304,16]
[0,0,0,0,0,64,0,0,0,0,0,0,0,128,33554432,0]-[131072,32,2147483652,0,0]
[0,0,0,0,0,0,0,2097152,0,0,0,16777216,0,0,0,0]-[32,0,2147483649,1048576,0]
[262144,0,67108864,0,0,0,0,0,0,2097152,0,0,0,0,0,0]-[0,0,1048576,1048704,2048]
[0,0,0,0,0,0,0,0,1048576,0,0,0,0,0,1073741824,0]-[131072,33554432,64,1048624,0]
[0,0,0,0,0,0,4096,0,0,0,0,0,1048576,0,0,0]-[0,34,0,2147549440,0]
[0,0,0,8388608,0,0,0,0,134217728,0,0,0,0,0,0,0]-[0,268435456,134217728,1048704,0]
[0,0,0,0,0,64,0,0,0,128,0,0,0,0,0,0]-[0,1,68,1048584,0]
[0,0,67108864,0,0,0,0,16,0,0,4096,0,0,0,0,0]-[0,268435456,2147483648,2147483696,2048]
[0,0,0,0,0,0,0,0,0,0,0,0,1048576,0,34078720,0]-[131072,32,0,4194304,8]
[128,0,67108992,0,0,0,0,0,1048576,0,0,0,0,0,0,0]-[0,0,0,2148532256,16]
[0,0,128,0,0,0,0,0,0,0,0,0,1048576,0,33554432,0]-[1179648,0,134217728,4194304,0]
[0,0,0,0,33554432,0,0,0,33554432,0,0,0,0,131072,0,0]-[0,128,2,1073807360,0]
[0,0,0,0,0,0,0,0,134217728,0,0,0,0,0,67108864,0]-[131072,0,1048576,4194312,0]
[0,0,0,0,0,0,0,0,134217728,0,0,0,1048576,0,0,0]-[9437184,67108907,1,4194328,1032]
[128,0,67108864,0,0,0,0,16,1048576,0,4096,0,0,0,536870912,0]-[0,268435456,0,2147483696,0]
[128,0,0,0,0,0,0,0,1048576,0,0,0,0,536870912,0,0]-[0,0,0,3225419776,524288]
[0,0,67108864,0,0,256,0,0,0,0,0,0,0,0,0,0]-[0,67108904,1048832,5308600,2048]
[0,0,0,0,0,0,0,0,0,0,0,0,0,536870912,33554432,0]-[32,130,2147483648,0,8]
[0,131072,0,0,0,0,0,0,0,0,0,0,2,0,0,0]-[135168,0,2,8,0]
[0,0,32768,0,0,0,0,0,1048576,0,0,0,0,0,0,0]-[256,0,0,1048704,16]
[0,0,0,0,0,0,0,0,4,0,4096,0,262144,0,0,0]-[256,1,0,65792,0]
[0,0,0,0,0,0,1056768,0,0,0,0,0,0,0,0,0]-[131073,129,0,0,0]
[0,0,0,0,0,0,0,0,0,0,0,32,1048576,0,0,0]-[9568256,301989888,134217728,5308432,0]
[512,0,0,0,0,0,8196,0,0,0,0,0,1048576,0,0,0]-[1179648,1,0,0,8]
[0,0,0,0,0,128,0,0,0,0,0,0,0,0,0,4096]-[0,9,1,0,16]
[128,0,67108864,0,0,0,0,0,0,0,0,0,0,0,0,0]-[8388608,301989889,2147483648,2152792248,655376]
[0,0,67108864,0,0,0,0,0,0,0,16384,0,0,0,0,0]-[8388608,67108864,0,65536,16]
[0,0,0,0,0,0,0,16,0,0,0,0,1048576,0,33554432,0]-[1048576,2,0,4194304,8]
[0,0,0,0,0,8192,0,0,1048576,0,0,0,8,0,0,0]-[256,268435456,64,1073741824,0]
[0,0,0,0,0,0,0,16,134217728,0,0,0,0,0,0,0]-[8388608,3,4,0,8]
[0,0,0,0,0,0,0,0,1048576,0,4,0,0,0,0,0]-[0,128,64,2151677952,0]
[0,0,268435456,0,0,0,0,0,1048576,0,0,0,1048576,0,0,0]-[9437184,67108872,0,0,0]
[0,0,0,0,0,0,0,0,0,0,0,16785408,0,0,0,0]-[1048832,0,0,1073741856,0]
[0,0,67108864,0,0,0,0,0,0,0,0,16,1048576,0,0,0]-[0,8,0,2148532480,0]
[0,0,0,0,0,0,0,0,0,0,536870912,0,1048576,0,0,0]-[0,32,134217728,5242880,0]
[0,268435456,67108864,0,0,0,0,16,0,0,0,0,0,0,0,0]-[0,8,2147483648,128,2048]
[0,0,67108864,8389120,0,0,0,0,0,0,0,0,0,0,0,0]-[8388608,1,1048576,128,0]
[0,0,0,0,0,8,0,0,0,0,0,0,0,128,0,0]-[0,0,4,1073741960,0]
[0,0,0,0,0,0,0,0,0,0,0,0,1048576,33554432,0,0]-[256,128,1048576,1073741824,0]
[0,0,0,0,0,0,8192,0,0,0,33554432,0,0,0,0,0]-[0,128,0,65568,2048]
[0,0,0,0,8388608,0,0,0,0,0,4096,0,1048576,0,0,0]-[8388608,9,134217728,4194304,0]
[0,0,0,0,0,0,0,16,134217728,0,0,0,16,0,0,0]-[8389120,3,0,0,0]
[0,16777216,0,0,0,0,0,0,0,0,0,0,1048576,0,0,0]-[131072,2,65536,1048576,0]
[536870912,0,0,0,0,0,0,0,0,0,0,0,0,128,0,0]-[131072,268435488,4,0,0]
[0,0,67108864,0,0,0,0,0,0,512,0,0,1048576,0,0,0]-[8388608,33554432,0,2151677952,0]
[0,0,0,0,0,0,0,4194304,0,0,0,32,268435456,0,0,0]-[0,268435584,134217728,4194304,0]
[0,0,67108864,0,0,0,0,67108864,0,0,0,0,0,0,33554432,0]-[0,32,0,4194336,2048]
[0,0,67108864,0,0,0,0,0,0,0,4096,0,0,0,0,0]-[8392705,369098793,2147483652,2151743896,2048]
[0,0,0,0,0,0,0,0,1048576,0,0,0,0,192,0,0]-[131072,0,1,32,131072]
[16777216,0,0,0,0,0,0,0,0,0,0,0,1048576,0,0,0]-[0,33554434,0,2147483664,0]
[0,0,0,0,0,0,0,0,1048576,0,0,0,0,128,0,0]-[131077,301990048,1,3222274224,656384]
[0,0,0,0,0,0,0,1073741824,0,0,131072,0,0,0,0,0]-[4096,32,5,0,0]
[0,0,67108864,0,0,0,0,16777216,0,0,0,0,0,0,0,0]-[8388608,32,0,2147483776,0]
[0,128,0,0,0,0,0,0,0,0,0,0,262144,0,0,0]-[1048832,2,0,256,0]
[0,268435456,0,0,0,0,64,0,0,0,0,0,0,0,0,0]-[0,67108992,0,4194560,0]
[0,32768,67108864,0,0,0,0,0,0,0,0,0,0,0,0,0]-[0,33,4,2151677968,16]
[0,0,0,0,0,256,0,0,0,0,0,0,134217728,0,0,0]-[131328,0,134217728,2147483648,0]
[0,0,0,0,0,0,64,0,134217728,0,0,0,1048576,0,0,0]-[0,67108874,0,256,0]
[0,0,0,0,0,0,0,0,0,0,0,0,262144,0,33554432,0]-[1048832,67108866,0,4194336,524288]
[4,0,67108864,0,0,64,0,0,0,0,0,0,0,0,0,0]-[0,0,2147483904,1048584,0]
[0,0,0,0,0,2,67108864,0,0,0,0,0,0,0,0,0]-[4,2,2147483648,2147483648,0]
[0,0,0,0,0,256,0,0,1048576,0,0,0,1048576,0,0,0]-[131072,301989888,1,2147483904,0]
[0,0,67108864,16,0,0,0,0,0,0,1048576,0,0,0,0,0]-[8388608,0,0,1048832,16]
[0,262144,0,0,0,0,0,0,0,0,0,0,0,0,33554440,0]-[4,130,2147483648,0,0]
[0,0,512,0,0,0,4,0,0,0,0,0,537919488,0,0,0]-[131072,67108864,0,2147483648,8]
[128,0,67108864,0,0,0,1073741824,0,0,0,0,0,536870912,0,0,0]-[0,0,0,4194360,0]
[0,0,67108864,0,0,0,0,0,0,0,0,1,0,0,0,524288]-[8388640,67108864,0,1048576,0]
[0,0,0,0,0,0,0,0,1048576,0,0,536870912,0,0,0,0]-[0,32,1,4194336,0]
